/*

База данных для ЧОП, решает вопросы стурктурирования филиалов, сотрудников, имущества, оружия, траснпорта и т.д.
Упрощает значительно поиск нужной информации, дает вохможность постоянно иметь полную информацию об имуществе ораганизации.
Очень сильно сокращает время выполнения задачи подсчета нужных данных, что крайне важно.
Информация, которая собираться часами, будет передана одним запросом. В большинсте это имеет стратегически важный характер.

Состоит из 17 таблиц:
1) Сотрудники (охранники);
2) Администартивный штат сотрудников; (1 Генеральный директор 2 Заместитель генерального директора 3 Начальник отдела 4 Сотрудник отдела)
3) Наличие документов у охранников; (1 нет 2 лицензированный сотрудник)
4) Форма сезон;
5) Заказчик;
6) Тип заказчика;
7) Объект;
8) Тип объекта;
9) Спецсредства;
10) Оружие;
11) Имущество в собственности
12) Транспорт;
13) Ранг сотрудников охраны (охранников); 2 ст смены 1 нач обьекта 3 рядовой сотрудник охраны 4 дежурный
14) ЧОП; 1 ЧОП А 2 ЧОП Б 3 ЧОП В 4 ЧОП Г 5 ЧОП Д
15) Ранг администтративного штата ЧОП;
16) Тип форменной одежды;
17) Тип налоговой системы заказчика.

*/

-- CREATE DATABASE SEC;
-- use SEC;
-- drop table workers;



-- 1
DROP TABLE IF EXISTS workers;
CREATE TABLE workers (
	id INT UNSIGNED NOT NULL AUTO_INCREMENT PRIMARY KEY,
	first_name VARCHAR(255) NOT NULL,
	last_name VARCHAR(255) NOT NULL,
	birthday VARCHAR(255) NOT NULL,
	uni_type INT UNSIGNED NOT NULL,
	uni_season INT UNSIGNED NOT NULL,
	sizes INT NOT NULL,
	length INT NOT NULL,
	weight INT NOT NULL,
	photo VARCHAR(255) NOT NULL, 
	tel VARCHAR(120) NOT NULL,
	email VARCHAR(120) NOT NULL,
	documents INT UNSIGNED NOT NULL,
	rang_type INT UNSIGNED NOT NULL,
	work_company INT UNSIGNED NOT NULL,
	created_at datetime DEFAULT CURRENT_TIMESTAMP,
	updated_at datetime DEFAULT CURRENT_TIMESTAMP ON UPDATE CURRENT_TIMESTAMP,
	FOREIGN KEY (documents) REFERENCES documents (id),
	FOREIGN KEY (rang_type) REFERENCES workers_rang_types(id),
	FOREIGN KEY (work_company) REFERENCES company (id),
	FOREIGN KEY (uni_type) REFERENCES uniform_type (id),
	FOREIGN KEY (uni_season) REFERENCES uniform (id)
);

INSERT INTO `workers` VALUES ('1','Jackeline','Dibbert','1971-10-15 13:53:18','3','1','60','210','96','http://lorempixel.com/640/480/','1-189-164-2243x4103','candido09@example.net','2','3','1','1994-04-02 17:52:19','1976-03-24 01:10:46'),
('2','Wilber','Will','1925-05-04 03:46:02','1','2','63','183','114','http://lorempixel.com/640/480/','1-293-789-0050','cpacocha@example.com','2','1','1','1972-08-25 13:27:19','1988-01-31 09:38:26'),
('3','Chaya','Mante','2017-12-08 14:23:06','3','3','50','192','118','http://lorempixel.com/640/480/','523-027-8627x70173','xhahn@example.net','1','2','2','2010-09-05 06:03:22','1976-09-11 09:38:16'),
('4','Terrell','Brown','1952-06-24 03:37:34','1','2','48','198','83','http://lorempixel.com/640/480/','843-443-1204x00991','kshlerin.idella@example.org','1','4','4','1990-11-22 07:14:41','2017-12-14 23:28:06'),
('5','Kenny','Howell','1989-02-27 03:05:13','3','1','49','200','77','http://lorempixel.com/640/480/','678.494.0667x13180','prince.lang@example.com','1','2','2','2007-01-19 19:24:55','1998-04-27 10:38:40'),
('6','Cordell','Carter','1988-02-02 19:21:55','2','3','58','180','79','http://lorempixel.com/640/480/','+43(1)7217309015','russel.aditya@example.org','1','3','1','1981-02-21 01:22:35','2013-05-22 22:37:54'),
('7','Lamar','Koss','2005-09-30 21:58:20','1','2','61','207','75','http://lorempixel.com/640/480/','+13(9)6811888747','birdie68@example.org','1','3','3','2003-04-12 10:20:08','2019-10-09 18:43:44'),
('8','Devonte','Bins','1964-11-21 03:06:16','1','1','56','180','78','http://lorempixel.com/640/480/','+16(9)0312171758','reichel.camylle@example.net','2','2','4','2020-03-15 02:19:08','1985-11-16 16:09:37'),
('9','Gudrun','Rogahn','1981-08-08 06:55:52','2','3','50','193','115','http://lorempixel.com/640/480/','(685)713-3964','wjohnston@example.net','2','1','4','1978-11-05 06:54:30','2010-08-21 23:26:07'),
('10','Marielle','Considine','1955-08-27 18:35:39','1','3','63','200','101','http://lorempixel.com/640/480/','1-802-934-2310x2634','tierra89@example.com','2','1','4','2012-01-25 12:24:01','2000-01-21 13:13:41'),
('11','Iva','Oberbrunner','1976-03-26 17:17:21','2','2','58','203','80','http://lorempixel.com/640/480/','161.963.0089','casper.lilliana@example.org','2','1','3','1998-03-07 07:30:05','2004-03-05 23:32:09'),
('12','Margarett','VonRueden','1922-10-30 12:07:38','3','1','51','209','93','http://lorempixel.com/640/480/','453-307-4395x306','candace15@example.org','2','2','1','2006-07-10 12:12:04','1983-01-12 04:15:34'),
('13','Taylor','Buckridge','1921-06-28 20:13:04','2','1','56','182','104','http://lorempixel.com/640/480/','(812)554-9270','tyrell78@example.net','2','1','3','2010-04-21 01:05:11','2004-01-04 01:30:59'),
('14','Norval','Ankunding','1924-01-18 06:40:54','3','1','66','186','97','http://lorempixel.com/640/480/','00369656955','mmayer@example.org','1','3','1','2008-01-27 05:45:32','1987-07-27 20:05:18'),
('15','Kolby','Emmerich','1959-07-01 15:42:53','3','2','66','196','92','http://lorempixel.com/640/480/','013-613-1209x2288','clinton74@example.com','1','2','4','1989-12-19 13:25:15','1997-08-03 04:23:15'),
('16','Alexandria','Wolff','1988-12-27 06:26:10','3','1','66','205','108','http://lorempixel.com/640/480/','800.347.7242','jayce.shanahan@example.com','1','4','1','1999-09-25 23:32:08','1974-02-07 14:25:59'),
('17','Cale','Daniel','1950-05-03 15:24:44','1','2','50','201','97','http://lorempixel.com/640/480/','1-911-700-3756x590','dino72@example.org','1','4','2','1972-05-30 23:08:24','2000-11-16 12:08:31'),
('18','Gia','Senger','1970-04-05 01:59:04','1','2','49','185','96','http://lorempixel.com/640/480/','+40(3)7831763373','paxton.rodriguez@example.net','2','3','2','1995-11-01 21:58:23','1988-11-27 14:40:06'),
('19','Hayden','Hegmann','2000-09-15 13:22:08','3','2','65','180','86','http://lorempixel.com/640/480/','813.104.0429','katelynn.bernier@example.com','2','1','2','2012-01-24 01:17:12','2008-02-13 05:50:08'),
('20','Kylie','Kuphal','2002-06-02 18:37:12','2','2','65','195','95','http://lorempixel.com/640/480/','175.133.6957','caleb.schamberger@example.org','2','3','2','2002-12-03 11:30:44','2004-03-12 17:20:01'),
('21','Agnes','Weimann','2015-12-22 05:51:07','3','1','53','206','105','http://lorempixel.com/640/480/','479.057.4130x87509','chase.grimes@example.net','2','2','1','1978-05-17 05:45:40','1996-06-24 13:50:46'),
('22','Demetris','Rolfson','2019-04-29 13:22:07','2','1','58','208','83','http://lorempixel.com/640/480/','962.413.5220x875','jose.batz@example.org','2','1','1','1989-05-09 00:20:21','1997-11-04 03:00:39'),
('23','Yolanda','Friesen','1970-01-14 04:33:42','2','3','54','208','99','http://lorempixel.com/640/480/','1-517-707-3143x0426','blaise52@example.net','2','2','3','1976-07-13 09:27:18','1970-04-30 05:31:16'),
('24','Etha','Bergstrom','1968-11-12 10:53:49','3','1','64','181','92','http://lorempixel.com/640/480/','486-744-2689','luigi.bernhard@example.net','1','2','4','2003-03-06 18:12:16','1981-07-27 01:47:54'),
('25','Jessie','Ondricka','1968-09-08 14:05:36','3','1','59','200','96','http://lorempixel.com/640/480/','03433927167','nyah.rolfson@example.com','2','1','1','2002-11-30 06:44:46','1983-09-10 02:47:12'),
('26','Joseph','Haag','1975-09-07 01:44:40','1','2','49','208','96','http://lorempixel.com/640/480/','(658)902-3785x370','gail58@example.org','2','3','4','1976-09-13 04:03:08','1992-10-14 10:32:18'),
('27','Kaleigh','Goyette','1985-11-27 18:36:33','2','3','55','196','105','http://lorempixel.com/640/480/','236.857.9284x76335','halvorson.luella@example.com','1','3','3','2003-09-26 15:33:16','1974-09-15 00:54:04'),
('28','Xavier','Satterfield','1952-05-05 04:51:12','3','2','61','195','110','http://lorempixel.com/640/480/','03620430032','doyle.caden@example.org','2','3','4','1998-08-21 23:25:45','1972-04-24 09:17:55'),
('29','Dawson','Price','1962-08-24 14:35:28','3','2','57','207','99','http://lorempixel.com/640/480/','020-729-4641x970','armando59@example.net','2','4','4','1975-09-24 01:39:44','2013-10-24 09:43:01'),
('30','Alessia','Bradtke','2005-06-29 23:34:58','2','1','55','203','76','http://lorempixel.com/640/480/','204-523-2447','ritchie.angel@example.com','1','3','4','2007-08-11 09:40:14','1971-04-26 20:05:38'),
('31','Ora','Ondricka','2014-12-01 01:47:29','1','1','55','182','97','http://lorempixel.com/640/480/','(009)656-7740','alanis85@example.net','2','3','4','1998-08-04 17:06:43','1976-02-08 21:30:35'),
('32','Madisyn','Stroman','1972-09-26 03:32:45','2','3','53','181','103','http://lorempixel.com/640/480/','259-905-1836x9905','brent55@example.com','1','3','1','1996-07-29 03:51:41','1970-06-11 15:26:21'),
('33','Edythe','Beier','1960-10-21 14:58:58','3','2','66','198','90','http://lorempixel.com/640/480/','(798)141-1655x952','jarmstrong@example.org','1','4','3','1992-04-30 14:32:20','1970-11-04 23:27:01'),
('34','Sydni','Vandervort','2017-07-17 03:45:04','3','3','66','193','109','http://lorempixel.com/640/480/','1-918-293-9145x9984','uhirthe@example.net','2','1','1','1971-09-23 02:46:43','2008-01-18 17:35:13'),
('35','Hal','Rogahn','1973-11-28 12:08:05','3','1','59','187','92','http://lorempixel.com/640/480/','(522)459-4370','bjohnson@example.org','1','4','1','2016-12-08 09:13:07','2007-11-08 11:08:40'),
('36','Nedra','Stoltenberg','1926-10-05 16:31:55','3','2','53','194','113','http://lorempixel.com/640/480/','359-825-7478','ggoldner@example.net','2','1','4','1995-09-01 22:49:59','2012-08-03 18:29:42'),
('37','Taurean','Bergstrom','2014-07-14 08:39:20','2','2','49','189','82','http://lorempixel.com/640/480/','873-475-5570','josiane.kunde@example.com','2','1','1','1989-08-08 23:27:50','2017-07-30 15:23:09'),
('38','Shanon','Olson','2004-11-08 07:40:27','1','2','63','195','109','http://lorempixel.com/640/480/','359-048-0651x7227','volkman.adrianna@example.org','2','1','1','2002-02-15 09:49:55','1976-04-25 18:41:18'),
('39','Noemy','Jacobs','2015-04-06 15:28:04','3','3','56','191','112','http://lorempixel.com/640/480/','00121495372','rosemary.ferry@example.net','2','3','1','1978-01-21 14:19:52','2018-05-24 00:03:39'),
('40','Earlene','Lesch','1980-06-11 23:19:09','2','2','66','181','82','http://lorempixel.com/640/480/','(370)241-7127','morar.immanuel@example.com','2','4','2','2010-01-05 05:45:15','1973-01-27 21:33:34'),
('41','Gunner','Dibbert','1993-12-24 02:27:07','1','3','48','184','92','http://lorempixel.com/640/480/','682-258-6131x754','buckridge.toney@example.com','2','1','3','1988-07-20 00:57:22','2005-04-13 23:48:20'),
('42','Georgiana','Beier','1958-08-05 19:58:03','1','2','62','185','98','http://lorempixel.com/640/480/','286-466-1427','bayer.margarett@example.com','1','2','1','2003-05-12 17:43:55','1976-05-05 02:46:42'),
('43','Marcelo','Denesik','1974-07-05 14:42:51','1','3','66','180','75','http://lorempixel.com/640/480/','481-545-7756x74425','weber.ellis@example.com','1','3','3','2002-01-28 22:36:37','1972-02-26 19:53:00'),
('44','Meda','Mayer','1949-12-02 08:11:05','1','1','56','207','82','http://lorempixel.com/640/480/','352-529-0890x6237','lilly90@example.org','1','2','4','2002-08-13 00:22:52','1990-12-31 12:19:09'),
('45','Federico','Hudson','1976-11-09 19:59:03','1','1','60','202','86','http://lorempixel.com/640/480/','+65(3)4048063359','mclaughlin.cortez@example.com','1','2','4','2015-06-04 09:55:57','1991-03-15 11:40:12'),
('46','Dorcas','Brakus','1973-01-26 02:28:03','3','3','64','182','82','http://lorempixel.com/640/480/','051-505-3101x8588','corn@example.org','1','1','2','2001-10-01 04:07:31','2003-08-03 02:24:29'),
('47','Odessa','Kozey','1988-05-27 01:27:31','1','2','53','206','106','http://lorempixel.com/640/480/','05801490009','renee.schamberger@example.org','1','1','4','1978-03-31 02:41:31','1987-10-23 12:59:31'),
('48','Brennan','Morar','1969-06-05 03:33:52','3','3','52','204','117','http://lorempixel.com/640/480/','(568)668-9710x29832','bonita61@example.com','1','3','3','1974-08-10 22:48:24','1983-12-02 12:50:13'),
('49','Bell','Haag','1923-10-07 02:03:56','2','2','53','193','87','http://lorempixel.com/640/480/','1-339-650-5025x17462','sallie73@example.net','1','4','2','2014-08-20 23:21:33','1991-07-06 21:05:19'),
('50','Moriah','Breitenberg','1966-03-17 23:31:24','1','2','66','185','88','http://lorempixel.com/640/480/','120.455.3194x3685','egoldner@example.org','1','2','2','1982-11-15 15:37:43','1978-02-21 23:16:07'),
('51','Theresa','DuBuque','1957-11-25 05:36:51','2','1','59','202','110','http://lorempixel.com/640/480/','1-013-735-6628x3586','ywest@example.com','1','3','1','1989-09-24 10:55:53','2012-11-14 12:32:23'),
('52','Kimberly','Lebsack','2009-04-15 14:45:02','3','2','58','205','88','http://lorempixel.com/640/480/','1-193-116-2182x2296','dibbert.griffin@example.org','2','1','3','2004-07-07 12:10:26','1990-10-24 07:10:00'),
('53','Mitchell','Bartell','2016-05-07 15:27:03','3','1','65','185','120','http://lorempixel.com/640/480/','279-339-2649x158','icrooks@example.net','1','3','2','2016-10-02 05:39:09','2006-07-25 23:02:39'),
('54','Hector','Spinka','1987-01-26 19:40:13','3','2','64','188','82','http://lorempixel.com/640/480/','049.064.9573x97700','oturcotte@example.com','1','3','1','1993-08-25 02:29:37','2016-05-25 04:20:26'),
('55','Tyreek','Waelchi','1926-02-02 06:39:18','2','1','49','206','117','http://lorempixel.com/640/480/','285-613-7730x83857','carey22@example.org','2','2','3','1973-11-17 16:34:15','1980-05-27 13:43:37'),
('56','Jimmie','Shields','1967-08-01 09:16:28','2','2','60','204','108','http://lorempixel.com/640/480/','(640)563-1394x386','yborer@example.com','1','3','1','1989-01-22 17:59:58','1982-08-03 03:48:33'),
('57','Arne','Romaguera','1938-04-20 12:04:24','3','3','57','191','94','http://lorempixel.com/640/480/','1-109-062-6172x8889','whitney18@example.com','2','2','3','1993-06-02 00:35:24','1982-05-17 12:17:27'),
('58','Antonietta','Haag','1924-12-27 04:09:43','1','1','48','208','102','http://lorempixel.com/640/480/','(121)120-8984','aglae.ryan@example.org','2','2','4','2019-08-02 19:40:17','1994-09-12 11:41:50'),
('59','Sebastian','Murazik','1932-01-31 08:37:09','1','1','66','184','108','http://lorempixel.com/640/480/','188.119.1656x096','jett55@example.com','1','3','1','1985-06-07 02:26:35','1979-02-01 22:07:02'),
('60','Alba','Schneider','2015-12-14 15:12:38','2','2','59','185','100','http://lorempixel.com/640/480/','03129893853','xshanahan@example.com','2','4','1','1978-10-08 16:09:32','1972-04-01 07:31:27'),
('61','Sasha','Boyer','1933-02-27 12:18:47','3','3','49','207','76','http://lorempixel.com/640/480/','958-823-9155x4323','hgleason@example.org','1','3','1','2003-08-17 21:39:00','2004-07-16 09:30:46'),
('62','Julio','Kautzer','2018-01-29 10:50:39','1','3','66','201','118','http://lorempixel.com/640/480/','1-852-709-0333x2684','johnson.lavon@example.net','1','3','3','1981-05-20 12:27:11','1974-04-09 00:38:24'),
('63','Linda','Kreiger','2007-09-15 09:15:35','2','3','50','193','83','http://lorempixel.com/640/480/','(583)022-2173','sallie.hills@example.org','1','2','2','2004-03-04 01:47:35','1982-02-17 10:12:37'),
('64','Torey','Casper','2003-05-03 20:49:13','2','1','64','210','96','http://lorempixel.com/640/480/','395.818.4125x693','joany57@example.com','2','1','4','1981-02-06 11:25:04','1980-09-16 12:52:04'),
('65','Devonte','Pacocha','2014-01-04 01:18:55','3','2','63','198','82','http://lorempixel.com/640/480/','156-314-0485x15832','jamar58@example.net','1','2','1','1994-11-04 12:02:19','1972-03-28 00:46:33'),
('66','Filomena','Quitzon','1922-01-03 05:40:15','1','2','49','194','84','http://lorempixel.com/640/480/','716.934.2271x579','ocollins@example.com','1','2','1','1987-05-08 06:12:06','1977-07-30 09:18:05'),
('67','Kiana','Kessler','1949-04-21 06:07:08','1','1','49','202','81','http://lorempixel.com/640/480/','1-411-002-6265x0680','tess14@example.org','1','3','2','1974-05-07 10:06:00','2003-10-10 20:36:44'),
('68','Merl','Beer','1987-10-30 11:12:36','3','2','60','191','85','http://lorempixel.com/640/480/','667.878.0698','salma25@example.org','1','2','1','1979-04-06 10:27:28','1971-07-28 01:01:26'),
('69','Adelle','Wehner','1951-02-17 12:19:54','3','3','52','181','91','http://lorempixel.com/640/480/','(804)066-3789','millie.pagac@example.net','2','1','2','1988-04-24 18:04:00','1998-12-07 17:58:27'),
('70','Gino','Bernier','1977-12-27 13:40:19','3','2','57','210','116','http://lorempixel.com/640/480/','078.585.7674x8650','jefferey.bergnaum@example.net','1','4','4','1990-02-06 06:09:21','2016-03-30 11:21:23'),
('71','Cecelia','Quigley','1939-10-18 04:02:47','2','2','59','195','116','http://lorempixel.com/640/480/','02765872273','fconn@example.com','2','1','3','2005-06-03 18:44:37','1981-07-11 05:19:42'),
('72','Mafalda','Effertz','1949-08-09 08:09:24','1','3','65','200','117','http://lorempixel.com/640/480/','1-938-310-6416','brown.scotty@example.net','1','4','4','1993-01-16 07:40:24','2009-04-01 15:55:42'),
('73','Santina','Schultz','1944-07-06 03:22:17','3','1','63','199','114','http://lorempixel.com/640/480/','(304)024-9335x98749','kjohnston@example.net','2','3','2','1991-05-19 01:38:12','2008-10-25 04:20:56'),
('74','Novella','Dietrich','1920-08-24 02:12:47','2','2','61','190','118','http://lorempixel.com/640/480/','(691)969-0730x6885','beier.berenice@example.org','1','4','4','1980-10-18 04:06:46','1976-04-06 22:36:39'),
('75','Dortha','D\'Amore','1935-07-20 09:09:33','3','3','55','188','101','http://lorempixel.com/640/480/','402-781-3938x66802','wkoepp@example.net','2','2','3','2014-03-26 20:33:30','1977-08-11 14:02:29'),
('76','Dawson','Hackett','1994-06-07 09:19:27','1','1','48','196','110','http://lorempixel.com/640/480/','1-229-720-2727x343','sheridan.bogisich@example.net','2','3','4','1979-09-30 16:32:02','1997-05-17 06:33:36'),
('77','Dawn','Parker','2003-04-15 21:08:37','3','3','63','186','120','http://lorempixel.com/640/480/','(265)835-0893x62623','daniela.aufderhar@example.com','2','2','1','2014-04-02 08:00:44','2006-06-10 18:53:32'),
('78','Bailey','Hand','2008-04-09 21:42:25','1','1','51','197','104','http://lorempixel.com/640/480/','1-554-146-8342','raquel.dare@example.com','2','1','1','1970-12-26 11:42:34','2010-06-30 00:37:54'),
('79','Maurine','Howe','1974-05-21 16:25:44','2','2','52','189','88','http://lorempixel.com/640/480/','634.085.3319x96179','evelyn.kling@example.net','2','1','4','1999-04-06 02:31:16','1983-06-12 16:02:07'),
('80','Joe','Conn','1959-07-07 14:15:55','3','1','58','181','83','http://lorempixel.com/640/480/','394-996-8215','fabian.lubowitz@example.com','2','4','4','2009-02-22 08:47:06','2000-11-27 20:58:06'),
('81','Laisha','Rippin','2016-08-17 12:09:32','2','3','52','201','94','http://lorempixel.com/640/480/','407-370-4014x750','pacocha.alisa@example.net','1','2','1','1989-10-01 11:40:52','1970-12-31 22:30:01'),
('82','Travon','Bergnaum','1986-09-08 20:03:45','1','1','62','199','84','http://lorempixel.com/640/480/','1-469-355-2039x930','brennon86@example.com','1','1','3','2012-02-14 03:52:42','1998-07-12 03:37:26'),
('83','Herbert','Cole','2002-05-26 04:21:08','3','2','56','190','79','http://lorempixel.com/640/480/','490-978-3126x485','asha76@example.com','2','1','4','2005-05-22 08:23:56','1984-07-07 20:43:25'),
('84','Palma','Barton','1960-07-17 20:44:23','1','2','51','197','93','http://lorempixel.com/640/480/','+40(5)7896673780','janie72@example.com','1','4','4','2011-02-14 02:37:36','1988-03-22 23:32:12'),
('85','Alexandria','Watsica','1968-02-01 21:26:27','1','1','53','193','95','http://lorempixel.com/640/480/','401.061.6167','cathryn76@example.com','1','3','1','1978-04-19 02:16:02','1985-09-17 21:11:40'),
('86','Zakary','Padberg','1935-09-05 17:19:09','2','1','53','184','92','http://lorempixel.com/640/480/','722.488.3517','ldickinson@example.net','1','2','1','1985-04-07 00:20:16','2013-10-22 14:51:25'),
('87','Lavada','Block','1999-04-10 09:08:47','1','2','53','182','88','http://lorempixel.com/640/480/','(459)845-9247x873','brenda.harris@example.org','1','2','4','2014-03-18 09:31:30','2019-07-31 17:17:11'),
('88','Vickie','Breitenberg','1951-02-02 01:52:16','2','2','49','184','115','http://lorempixel.com/640/480/','128-215-1061x82354','johanna22@example.net','2','1','2','1988-04-10 18:49:13','2010-05-20 09:56:09'),
('89','Isac','Cole','1925-12-27 06:51:53','1','1','51','189','94','http://lorempixel.com/640/480/','(132)215-8622x850','brakus.rowena@example.com','1','1','4','2000-09-06 14:36:58','2009-05-14 04:01:59'),
('90','Hilda','Reichel','2013-11-17 11:33:34','1','1','64','182','111','http://lorempixel.com/640/480/','021.841.1848','effertz.dalton@example.com','1','3','1','2019-01-29 19:47:07','1985-08-04 11:23:23'),
('91','Furman','Pfannerstill','1930-07-13 10:04:53','3','1','59','192','83','http://lorempixel.com/640/480/','1-323-124-0645x25438','wade.kihn@example.org','1','3','2','1971-12-01 18:48:26','2018-07-30 06:01:38'),
('92','Kayleigh','Friesen','1992-03-12 00:05:44','1','2','66','181','119','http://lorempixel.com/640/480/','(446)258-8688x294','tony59@example.net','1','4','2','2018-10-22 12:37:18','1977-08-24 21:32:48'),
('93','Haylee','Towne','1969-08-25 05:55:57','1','2','61','185','107','http://lorempixel.com/640/480/','1-571-965-7737x51852','arlo.barrows@example.com','1','2','3','1985-07-09 21:59:07','2002-04-19 08:33:59'),
('94','Russel','Pacocha','2010-09-27 14:01:49','2','2','60','199','95','http://lorempixel.com/640/480/','00124153307','koch.elliott@example.net','1','2','4','1985-07-04 23:27:32','1970-06-19 18:38:50'),
('95','Nico','Friesen','1974-07-18 06:45:41','2','3','58','187','116','http://lorempixel.com/640/480/','535-411-9744x234','klein.amir@example.net','2','2','1','1994-07-23 12:47:53','1993-12-18 23:11:54'),
('96','Jason','Mante','1972-09-20 12:21:57','2','3','62','192','75','http://lorempixel.com/640/480/','(999)023-8723','cordell.waters@example.net','2','2','4','2013-06-24 01:17:11','2005-03-30 15:55:40'),
('97','Della','Moore','1921-08-21 06:08:18','1','1','56','194','102','http://lorempixel.com/640/480/','05318473307','williamson.stan@example.net','1','4','3','1974-08-30 11:47:31','1987-11-20 07:51:35'),
('98','Sven','Morissette','1996-03-04 00:52:13','1','2','56','210','75','http://lorempixel.com/640/480/','249-032-6883','tmedhurst@example.org','1','2','3','2012-01-27 17:18:56','1991-12-29 13:00:49'),
('99','Lottie','Kuhic','1949-01-25 04:46:41','3','1','55','180','85','http://lorempixel.com/640/480/','(494)467-3814','frederic86@example.com','2','2','3','2013-12-04 02:14:34','1970-12-20 20:18:33'),
('100','Frankie','Wyman','1965-05-30 07:22:31','1','3','55','197','83','http://lorempixel.com/640/480/','+58(6)0279942133','schristiansen@example.com','2','2','2','1981-02-02 22:51:16','1986-08-15 05:58:26'); 




-- 2
DROP TABLE IF EXISTS administration_workers;
CREATE TABLE administration_workers (
	id INT UNSIGNED NOT NULL AUTO_INCREMENT PRIMARY KEY,
	photo VARCHAR(255) NOT NULL, 
	first_name VARCHAR(255) NOT NULL,
	last_name VARCHAR(255) NOT NULL,
	birthday VARCHAR(255) NOT NULL,
	length INT NOT NULL,
	weight INT NOT NULL,
	tel VARCHAR(120) NOT NULL,
	email VARCHAR(120) NOT NULL,
	sizes INT NOT NULL,
	documents INT UNSIGNED NOT NULL,
	admin_rang_type INT UNSIGNED NOT NULL,
	work_company INT UNSIGNED NOT NULL,
	created_at datetime DEFAULT CURRENT_TIMESTAMP,
	updated_at datetime DEFAULT CURRENT_TIMESTAMP ON UPDATE CURRENT_TIMESTAMP,
	FOREIGN KEY (documents) REFERENCES documents (id),
	FOREIGN KEY (admin_rang_type) REFERENCES administration_workers_rang_types (id),
	FOREIGN KEY (work_company) REFERENCES company (id)
);

INSERT INTO `administration_workers` VALUES ('1','http://lorempixel.com/640/480/','Stella','Harvey','2018-12-07 08:40:54','183','82','06011574067','rwest@example.com','65','1','4','2','2017-01-26 01:31:31','2020-03-25 07:36:30'),
('2','http://lorempixel.com/640/480/','Kenna','Jones','2011-08-14 03:43:41','197','99','00046911718','wilkinson.dudley@example.net','64','1','4','1','2011-08-24 14:04:00','2019-07-05 17:14:13'),
('3','http://lorempixel.com/640/480/','Alysson','O\'Kon','2018-10-23 18:12:11','203','115','800.064.5875','wsanford@example.net','54','2','2','2','2013-05-01 02:47:02','2019-08-30 23:16:02'),
('4','http://lorempixel.com/640/480/','Mckenzie','Veum','2012-04-23 14:35:51','201','102','1-555-258-8311x87599','oromaguera@example.org','54','2','3','2','2019-04-05 05:29:07','2019-12-08 01:25:14'),
('5','http://lorempixel.com/640/480/','Cordia','Larkin','2010-09-12 01:05:55','200','119','1-941-748-9268x818','fadel.sherman@example.net','63','2','4','1','2015-03-11 15:54:57','2019-04-18 16:37:09'),
('6','http://lorempixel.com/640/480/','Bruce','Parker','2016-06-08 04:01:52','199','75','1-041-449-1075x4752','randi.dibbert@example.net','51','2','4','4','2012-01-11 04:01:04','2019-12-02 05:06:13'),
('7','http://lorempixel.com/640/480/','Jerry','Purdy','2011-08-09 01:55:56','188','86','(933)875-7336x81816','justina44@example.net','50','2','2','2','2012-10-30 03:10:05','2019-12-14 20:35:13'),
('8','http://lorempixel.com/640/480/','Alize','Goldner','2017-09-07 03:37:25','181','117','03012139429','o\'conner.nina@example.com','56','1','3','2','2019-12-08 14:41:15','2019-05-18 01:41:44'),
('9','http://lorempixel.com/640/480/','Kay','Murray','2013-06-24 02:11:02','204','88','07887008561','gertrude29@example.com','58','2','1','3','2012-01-15 18:16:55','2019-09-11 05:59:59'),
('10','http://lorempixel.com/640/480/','Hassan','Leuschke','2016-09-04 08:14:11','210','103','1-742-545-7300','dylan.gislason@example.net','54','1','4','2','2017-08-02 15:46:59','2019-09-24 10:17:53'),
('11','http://lorempixel.com/640/480/','Lew','Brekke','2012-12-12 22:47:47','181','76','06108387034','terry.kaitlyn@example.org','62','1','4','1','2017-05-09 17:15:20','2019-04-17 02:33:27'),
('12','http://lorempixel.com/640/480/','Nils','Ledner','2019-08-04 22:00:08','207','105','607-624-4165x274','laura66@example.com','56','1','3','2','2012-01-26 14:32:15','2019-10-04 23:12:13'),
('13','http://lorempixel.com/640/480/','Remington','Anderson','2015-08-22 17:53:38','198','120','038-572-2544x4040','tianna.rath@example.com','51','2','1','1','2019-10-30 21:08:50','2019-07-01 15:24:54'),
('14','http://lorempixel.com/640/480/','Aniya','Bartoletti','2013-05-10 00:53:05','182','97','602-715-4905x80197','ziemann.liana@example.net','58','1','2','3','2020-01-18 05:57:44','2019-05-18 05:08:46'),
('15','http://lorempixel.com/640/480/','Alexie','Weissnat','2012-04-08 17:17:28','186','101','1-163-094-4839x138','felicity.bradtke@example.net','56','1','2','3','2015-08-12 07:07:49','2019-07-13 14:42:18'),
('16','http://lorempixel.com/640/480/','Una','Crist','2013-08-17 04:33:39','193','114','526.034.3123x245','labadie.gerhard@example.net','62','1','4','3','2015-03-10 22:02:06','2020-02-11 21:08:29'),
('17','http://lorempixel.com/640/480/','Lea','Nader','2014-10-27 09:35:56','186','114','+35(2)8718350300','deffertz@example.net','59','2','2','3','2011-12-01 13:21:53','2019-05-18 00:52:18'),
('18','http://lorempixel.com/640/480/','Verlie','Lubowitz','2016-04-29 19:53:54','199','85','05687339979','zadams@example.org','52','1','1','2','2012-12-04 12:26:44','2019-04-09 08:47:34'),
('19','http://lorempixel.com/640/480/','Bryce','Monahan','2015-01-02 02:15:14','182','81','227.095.7587x8503','dominique.franecki@example.com','57','1','4','1','2017-02-21 19:15:45','2019-07-28 16:48:35'),
('20','http://lorempixel.com/640/480/','Adriana','Watsica','2015-12-25 10:40:07','198','76','789-486-7022x74229','gia40@example.org','60','2','1','1','2019-10-21 15:05:55','2019-03-30 07:24:04'); 




-- 3
DROP TABLE IF EXISTS documents;
CREATE TABLE documents (
	id INT UNSIGNED NOT NULL AUTO_INCREMENT PRIMARY KEY,
	type VARCHAR(255) NOT NULL
);

INSERT INTO documents VALUES
('1', 'Лицензированный'),
('2', 'Нет');




-- 4
DROP TABLE IF EXISTS uniform;
CREATE TABLE uniform (
	id INT UNSIGNED NOT NULL AUTO_INCREMENT PRIMARY KEY,
	seasone VARCHAR(255) NOT NULL
);

INSERT INTO uniform VALUES
('1', 'Летняя'),
('2', 'Зимняя'),
('3', 'Вся');




-- 5
DROP TABLE IF EXISTS customers;
CREATE TABLE customers (
	id INT UNSIGNED NOT NULL AUTO_INCREMENT PRIMARY KEY,
	c_name VARCHAR(255) NOT NULL,
	CEO VARCHAR(255) NOT NULL,
	contact_person VARCHAR(255) NOT NULL,
	tel VARCHAR(255) NOT NULL,
	accounting_tel VARCHAR(255) NOT NULL,
	type_customers INT UNSIGNED NOT NULL,
	tax_system INT UNSIGNED NOT NULL,
	created_at datetime DEFAULT CURRENT_TIMESTAMP,
	updated_at datetime DEFAULT CURRENT_TIMESTAMP ON UPDATE CURRENT_TIMESTAMP,
	FOREIGN KEY (type_customers) REFERENCES customers_type (id),
	FOREIGN KEY (tax_system) REFERENCES type_tax_system (id)
);

INSERT INTO `customers` VALUES ('1','odit','Gulgowski','Larkin','(482)669-3861','(435)747-5918','2','1','2011-11-01 07:02:16','2020-03-16 15:14:57'),
('2','quae','Morissette','Conn','(638)545-4957x83312','1-159-787-5444x176','3','2','2015-01-04 17:20:08','2020-02-29 09:28:28'),
('3','odio','Pacocha','Hand','(293)069-8712','+32(3)1623619128','2','1','2016-06-03 23:59:46','2020-03-20 11:23:58'),
('4','quia','Homenick','Torphy','1-130-077-0186','206.645.4935','1','2','2015-09-17 21:33:11','2020-03-14 05:33:38'),
('5','qui','McGlynn','Price','961.521.0533x645','926.203.4830','3','2','2010-05-26 10:08:11','2020-03-05 12:03:21'),
('6','velit','Wyman','Kuvalis','(177)535-9729x472','05674862392','2','2','2016-03-18 17:34:32','2020-03-13 11:47:43'),
('7','rerum','Jacobi','Pfannerstill','491.368.3470','829.941.4782x3829','2','2','2017-04-20 14:14:43','2020-03-04 00:20:31'),
('8','nam','Bruen','Schmitt','217-031-6198x16618','435.147.5063','1','1','2014-06-16 12:02:23','2020-03-20 14:12:26'),
('9','qui','Hauck','Goodwin','1-866-166-1763x10328','04494855296','1','1','2014-07-29 03:42:14','2020-03-10 22:29:16'),
('10','harum','Turcotte','Bailey','(425)158-2939','(912)592-9276x20522','3','1','2013-04-30 22:29:06','2020-03-03 14:47:05'),
('11','facilis','Bergstrom','Armstrong','04909764427','816.547.7155','3','1','2010-10-10 11:50:29','2020-03-07 21:11:26'),
('12','repellat','Brekke','Bins','953-419-6610x747','122.064.2517x7539','2','2','2017-04-25 05:58:38','2020-03-19 12:53:45'),
('13','et','Marquardt','D\'Amore','166.502.0687x913','1-365-758-9217','3','1','2010-12-07 17:10:40','2020-03-23 09:00:21'),
('14','laudantium','Ernser','Cartwright','00399246622','360.453.0637x21043','2','2','2011-11-16 18:50:55','2020-03-08 17:53:56'),
('15','omnis','Keeling','Pacocha','1-101-835-4453x6626','04504971690','2','1','2010-05-01 04:01:59','2020-03-26 06:49:03'),
('16','qui','Goyette','Kemmer','962-837-0352x45597','1-847-138-2736','1','1','2013-05-19 19:32:03','2020-03-24 13:31:55'),
('17','cupiditate','Walsh','Konopelski','(098)827-4701','06734581079','2','2','2013-05-27 02:24:24','2020-03-26 05:04:11'),
('18','consequatur','Hirthe','Kub','+54(1)1509033942','05581361868','2','1','2019-09-14 16:16:21','2020-02-29 07:28:59'),
('19','laboriosam','Satterfield','Jast','1-088-003-8918x7968','618-432-6015x90115','1','2','2018-07-10 03:34:36','2020-03-27 03:22:03'),
('20','a','Becker','Schuster','(687)400-7044x107','1-022-373-2382','2','2','2018-10-20 20:31:11','2020-03-26 00:23:31'),
('21','ratione','Bosco','Smitham','1-692-937-2498x620','(895)550-8817x9131','3','1','2013-04-08 10:01:39','2020-03-12 13:19:46'),
('22','ipsum','Boyle','Farrell','+52(2)3996509333','+16(7)9472047269','3','2','2015-03-11 04:19:11','2020-03-04 10:33:35'),
('23','et','Schroeder','Strosin','1-173-419-2438','1-335-959-6358x07749','2','2','2010-07-06 19:51:24','2020-03-08 19:23:27'),
('24','aspernatur','Carter','Boyer','(252)837-5653x15156','1-594-076-6473','3','1','2019-01-07 06:22:15','2020-03-11 15:10:31'),
('25','enim','Kuhlman','Metz','(690)953-8812x824','238.631.1245x0964','2','1','2016-08-01 15:54:13','2020-03-07 08:13:22'),
('26','nobis','Rodriguez','Dickinson','1-183-550-8037x7554','1-484-491-0904','1','1','2016-10-25 08:58:05','2020-03-15 18:45:58'),
('27','et','Gutkowski','Fadel','(925)015-6795x12590','105-239-9759','3','2','2013-03-22 19:57:05','2020-03-26 17:08:38'),
('28','autem','Walker','Dickens','08753059121','799.619.7763x31855','1','2','2017-12-28 16:46:07','2020-03-09 22:45:28'),
('29','officiis','Grimes','Hudson','665-362-3851','1-639-180-3642','3','2','2015-10-26 22:27:44','2020-03-01 22:49:45'),
('30','ea','Murray','Stokes','+29(0)4663790698','105.284.9901x9794','1','1','2013-07-31 11:07:22','2020-03-17 20:19:21'),
('31','voluptatem','Jakubowski','Stroman','(176)063-7404x300','972.250.6397','1','1','2012-08-01 04:12:44','2020-03-05 02:28:21'),
('32','reiciendis','Collier','Keeling','387.665.6002x993','977-158-3463x38292','3','1','2017-07-21 07:46:08','2020-03-27 12:31:38'),
('33','impedit','Connelly','Becker','+75(3)9297632146','780.895.0976x4230','2','1','2016-12-05 17:27:47','2020-02-29 08:05:51'),
('34','ab','Blanda','Rogahn','(322)679-3488','1-675-910-8697x63924','1','1','2019-01-08 23:43:25','2020-03-01 07:38:58'),
('35','nulla','Bartell','Pouros','503.598.2469','1-469-996-9921x8296','2','2','2012-08-22 23:46:43','2020-03-22 00:37:45'),
('36','eveniet','Zieme','Schaden','1-722-275-3075','1-705-616-9813','2','2','2010-09-15 17:08:52','2020-03-02 11:07:32'),
('37','exercitationem','Wisoky','Becker','866.192.7134x8921','(552)419-5842','3','2','2013-05-02 22:43:05','2020-03-04 20:33:40'),
('38','amet','Hermiston','Marquardt','(680)341-1362x129','938.403.2421','2','1','2018-06-13 00:34:53','2020-03-08 18:21:52'),
('39','nemo','Mills','Kihn','03506170902','809.774.5239x6645','3','2','2015-07-19 03:07:27','2020-03-23 16:33:36'),
('40','eveniet','Weber','Grady','(636)079-7648','(483)255-7616x6733','1','2','2016-06-29 12:33:43','2020-02-28 20:34:54'),
('41','dolores','Beer','Prosacco','893-595-7945x86532','528-351-8422x8534','2','2','2015-10-07 03:36:06','2020-03-18 11:11:59'),
('42','sint','Howe','Emmerich','+08(9)7157471956','143.407.2767x1446','3','1','2018-03-20 21:02:12','2020-03-13 11:43:12'),
('43','et','O\'Conner','McLaughlin','1-172-935-7172','(368)074-5314x85524','2','1','2017-04-27 16:04:45','2020-03-24 18:45:52'),
('44','expedita','Kunze','Hettinger','1-431-680-1867','730.458.7094','2','2','2016-11-17 21:35:35','2020-03-21 12:51:34'),
('45','pariatur','Keeling','Satterfield','396-545-5508x4085','(379)022-4086','1','1','2011-04-30 10:44:49','2020-03-16 13:41:54'),
('46','debitis','Anderson','Pacocha','1-111-493-7522x41774','09798922228','3','2','2012-12-03 16:35:09','2020-03-05 21:31:36'),
('47','expedita','Macejkovic','Keebler','1-980-613-3599','(133)733-4563x151','3','1','2018-05-17 21:01:50','2020-03-24 18:28:04'),
('48','excepturi','Wiegand','Harber','1-201-939-6093x51546','1-789-514-5476','3','2','2017-08-25 20:55:29','2020-03-02 07:04:09'),
('49','atque','Senger','Morissette','+55(6)8846471614','1-407-349-6104','3','1','2018-08-01 20:31:04','2020-03-03 20:46:53'),
('50','corporis','Nader','Becker','252-322-8166x2835','359.289.2718x3177','2','2','2010-08-12 02:49:58','2020-03-23 15:54:11'),
('51','tempore','Stroman','Fadel','08487439291','1-110-511-8277','3','2','2011-12-26 01:43:59','2020-02-29 20:29:36'),
('52','libero','Smitham','Jones','085-315-3178','(895)156-2081x74424','3','1','2013-03-13 14:54:45','2020-03-16 11:13:41'),
('53','excepturi','Weber','Fahey','867-335-3988','212.095.1959x397','2','2','2015-12-06 01:35:20','2020-03-14 04:26:13'),
('54','vero','Purdy','Bayer','619-593-1791x214','+68(2)3398757317','3','2','2015-05-31 22:38:23','2020-03-20 01:07:24'),
('55','voluptas','Farrell','Franecki','02964728197','(751)135-3698x36477','3','1','2012-11-23 00:35:35','2020-03-06 04:53:35'),
('56','ad','Huels','Weissnat','1-772-455-2903x591','292-383-3482','1','1','2012-03-20 20:24:18','2020-03-17 16:50:25'),
('57','dolorem','Quigley','Heathcote','893.980.5200x0835','063.873.8745x112','3','2','2012-08-21 18:49:06','2020-03-01 06:11:05'),
('58','impedit','Leannon','Kilback','(316)393-9239x61539','612.120.3838x88686','1','2','2012-07-27 03:41:10','2020-03-23 11:13:58'),
('59','maxime','Gerhold','Wolf','448-412-5841x55988','01270204782','1','1','2015-08-21 22:45:45','2020-03-13 23:56:33'),
('60','est','Okuneva','Mann','09116662978','+86(5)0923917405','3','2','2014-12-17 04:11:20','2020-03-05 00:31:22'),
('61','in','Batz','Buckridge','(070)188-6446x487','1-806-476-8442x382','1','1','2015-12-31 07:58:08','2020-02-29 20:51:39'),
('62','quis','Oberbrunner','Krajcik','087-617-6235','1-014-500-8354x28034','2','2','2018-06-10 20:30:55','2020-03-11 09:23:02'),
('63','quod','Berge','Sawayn','1-152-742-4275x16670','023-995-5270x43870','1','1','2011-08-22 18:14:47','2020-03-28 12:05:04'),
('64','quibusdam','Sanford','Jacobson','921.440.9390','265-776-8532x8830','2','2','2014-10-10 01:25:59','2020-03-07 11:53:13'),
('65','qui','Gleason','Lindgren','1-278-818-8765x9370','(517)492-7838x393','1','1','2012-11-01 04:35:33','2020-03-27 16:41:29'),
('66','quis','Koelpin','Haley','384-225-9656','1-070-201-7526x345','3','1','2018-11-24 23:11:35','2020-03-11 08:15:14'),
('67','qui','Strosin','Schoen','316.369.6544','1-471-326-1827x04419','3','2','2020-02-10 19:41:01','2020-03-21 19:09:48'),
('68','in','Becker','Swaniawski','737-145-2002x9796','111-554-4007','3','1','2015-02-19 00:27:18','2020-03-25 11:53:27'),
('69','quibusdam','McLaughlin','Pfeffer','(112)857-6451x3272','(955)106-1582x32509','2','1','2017-04-22 22:26:17','2020-03-14 03:26:11'),
('70','et','Powlowski','Morar','+51(4)2439111207','1-574-203-0836x36337','3','1','2019-01-15 08:21:02','2020-03-14 23:08:13'),
('71','nam','Hansen','DuBuque','052-745-3937x278','315.581.1645x78317','2','1','2012-07-25 10:57:21','2020-03-08 00:16:57'),
('72','tenetur','Denesik','Kirlin','(528)641-4273','145.864.6007x610','2','1','2016-05-09 09:05:54','2020-03-17 09:17:59'),
('73','omnis','Luettgen','Herzog','+80(7)2358246667','440-962-4003x05264','1','1','2018-01-22 07:01:04','2020-03-20 18:45:46'),
('74','quia','Erdman','Gaylord','1-422-339-5617','08480253458','3','1','2013-05-26 17:53:30','2020-03-06 17:26:48'),
('75','quam','Walsh','Dare','943-164-8063','167-318-9409','3','2','2016-01-24 21:07:49','2020-03-03 00:15:38'),
('76','inventore','Bechtelar','Durgan','(111)271-3384x67307','222-349-8542x16676','1','2','2011-11-23 16:44:39','2020-03-08 07:44:44'),
('77','vel','Von','Walsh','105.146.7379','1-474-395-1721','3','2','2013-11-13 11:48:35','2020-03-09 00:17:22'),
('78','dolore','Koelpin','Ledner','337-087-7317','1-551-515-2461','2','2','2017-11-27 05:19:37','2020-03-09 23:02:01'),
('79','consequatur','Kunze','Koelpin','970.748.2854x77361','517.156.1167','3','1','2019-02-21 10:30:45','2020-03-24 07:04:35'),
('80','quibusdam','Harris','VonRueden','1-974-761-8247x46740','(993)592-6866x588','1','2','2017-01-24 00:15:05','2020-03-01 06:29:55'),
('81','distinctio','Bahringer','Kirlin','(539)840-5916x1220','(322)557-0254x2593','2','1','2017-07-02 20:37:58','2020-03-23 15:14:00'),
('82','tenetur','Okuneva','Kemmer','355.989.7639','1-978-713-6659x92325','3','2','2013-10-14 04:55:27','2020-03-22 14:07:32'),
('83','ut','Lebsack','Goldner','+28(1)6338381103','775.082.5147','3','2','2016-02-29 16:28:20','2020-03-09 13:27:58'),
('84','ipsum','Johnston','Russel','1-848-254-0910','967-113-2514x7566','1','1','2011-11-29 18:57:41','2020-03-18 10:10:47'),
('85','iusto','Osinski','Gerhold','(963)082-8953','497-298-7932','2','2','2019-03-22 04:28:32','2020-03-21 19:50:11'),
('86','alias','Schmeler','Muller','027.283.6776','(381)321-2544','1','2','2013-03-14 13:50:08','2020-03-27 03:39:55'),
('87','neque','Gleason','Stamm','09063912589','1-681-276-9429','3','2','2013-01-06 23:11:39','2020-03-13 00:57:22'),
('88','suscipit','Buckridge','Torphy','04396533180','630-458-1142','2','2','2011-10-21 07:54:42','2020-03-24 01:30:25'),
('89','quam','Schinner','DuBuque','(363)116-2080x413','1-714-098-3123','1','1','2018-03-03 21:23:00','2020-03-12 11:59:08'),
('90','quo','Welch','Durgan','398-175-9020x112','833-218-9522','1','1','2016-08-12 11:05:19','2020-03-22 13:42:13'),
('91','quis','Weimann','Barrows','1-439-015-8718x98240','878.256.3890x5074','3','1','2015-01-29 08:03:03','2020-02-29 06:31:06'),
('92','impedit','Marvin','Schinner','577-004-1946','857.676.0578','2','2','2013-12-09 01:57:55','2020-03-27 00:09:30'),
('93','iusto','Mosciski','Ullrich','(563)014-8371','355-707-9286','3','2','2011-09-14 21:30:37','2020-03-14 12:53:49'),
('94','quod','Dooley','Langworth','+60(8)5867216179','111-121-7504','3','2','2020-03-12 01:09:10','2020-03-09 16:05:50'),
('95','voluptatum','Vandervort','Smitham','1-357-376-7252x53550','255-328-1089x46880','2','2','2019-04-12 12:57:47','2020-03-09 23:46:11'),
('96','dicta','Pfannerstill','Prosacco','659.280.6936x7200','574.972.2607x153','2','2','2011-01-13 20:11:38','2020-03-24 16:14:30'),
('97','molestiae','Koss','Morissette','843.246.6554x695','(618)020-7058x66751','3','2','2011-05-22 20:12:52','2020-03-24 23:13:11'),
('98','qui','Batz','Bins','814.459.5730x9704','1-397-791-4677x8765','3','1','2014-05-18 18:25:13','2020-02-29 17:12:56'),
('99','voluptate','Bartell','Hilpert','03578572050','(180)835-9075','1','2','2010-09-18 23:02:24','2020-03-10 19:08:15'),
('100','modi','Harris','Wilderman','823-703-1724x44872','054-746-3961x13255','3','1','2013-09-15 05:46:53','2020-02-28 20:09:32');




-- 6
DROP TABLE IF EXISTS customers_type;
CREATE TABLE customers_type (
	id INT UNSIGNED NOT NULL AUTO_INCREMENT PRIMARY KEY,
	type VARCHAR(255) NOT NULL
);

INSERT INTO customers_type VALUES
('1', 'Государственный'),
('2', 'Коммерческий'),
('3', 'Иностранный');




-- 7
DROP TABLE IF EXISTS objects;
CREATE TABLE objects (
	id INT UNSIGNED NOT NULL AUTO_INCREMENT PRIMARY KEY,
	company_name INT UNSIGNED NOT NULL,
	o_name VARCHAR(255) NOT NULL,
	adress VARCHAR(255) NOT NULL,
	customer_id INT UNSIGNED NOT NULL,
	date_end_of_contract VARCHAR(255) NOT NULL COMMENT 'y-m-d',
	object_type INT UNSIGNED NOT NULL,
	CEO VARCHAR(255) NOT NULL,
	primary_phone VARCHAR(255) NOT NULL COMMENT 'Телефон на объекте охраны',
	special_equipment INT UNSIGNED NOT NULL,
	weapon_in INT UNSIGNED NOT NULL,
	transport_in INT UNSIGNED NOT NULL,
	warehouse_property_in INT UNSIGNED NOT NULL,
	created_at datetime DEFAULT CURRENT_TIMESTAMP,
	updated_at datetime DEFAULT CURRENT_TIMESTAMP ON UPDATE CURRENT_TIMESTAMP,
	FOREIGN KEY (company_name) REFERENCES company (id),
	FOREIGN KEY (customer_id) REFERENCES customers (id),
	FOREIGN KEY (object_type) REFERENCES object_type (id),
	FOREIGN KEY (special_equipment) REFERENCES special_equipment (id),
	FOREIGN KEY (weapon_in) REFERENCES weapons (id),
	FOREIGN KEY (transport_in) REFERENCES transport (id),
	FOREIGN KEY (warehouse_property_in) REFERENCES warehouse_property (id)
);

INSERT INTO `objects` VALUES ('1','5','amet','50687 Lambert Street\nNorth Gudrunburgh, MI 70271-1730','47','2020-03-20 06:06:04','3','McGlynn','+36(7)5426353551','2','1','5','1','1992-10-02 13:05:47','1987-04-07 10:13:41'),
('2','2','dolore','2255 Zboncak Spurs\nLake Holdenstad, RI 36430','53','2020-03-22 23:54:01','2','Gottlieb','873-119-3150','3','1','1','1','1980-05-09 10:21:25','1996-03-08 11:49:35'),
('3','2','possimus','2826 Jimmy Divide Apt. 297\nLake Adela, KS 69462-6274','20','2020-03-18 03:12:26','1','Kozey','1-497-433-4209x7107','2','2','4','8','1987-01-12 00:01:52','2009-08-03 23:12:14'),
('4','1','minus','30914 Schneider Summit\nPort Ed, KS 99656','60','2020-03-22 00:30:10','3','Rohan','664.602.4967','2','3','3','3','2016-05-21 23:53:23','2006-12-24 23:41:23'),
('5','2','est','098 Bernita Highway\nEast Noel, OR 18673','87','2020-02-29 21:51:41','3','Hodkiewicz','174-750-8025x3601','6','2','3','3','2001-05-24 08:18:21','1993-04-16 20:39:26'),
('6','5','autem','128 Lang Court\nWest Janburgh, CT 21350-2254','28','2020-03-27 11:19:53','3','Robel','(004)212-7059x813','4','2','4','4','2017-05-27 15:36:09','1991-12-24 22:57:54'),
('7','3','recusandae','5497 John Isle\nKlingshire, MD 53258','82','2020-03-04 06:35:24','2','Johns','686-146-9113','2','2','4','2','1987-12-21 19:53:06','1977-02-15 01:45:11'),
('8','3','iure','5861 Hintz Throughway Apt. 958\nBreannaland, ME 53460-3685','57','2020-03-06 10:49:55','2','Funk','980.967.6237','4','2','1','2','1971-01-27 00:45:01','1994-02-22 11:25:45'),
('9','2','quae','6156 Anika Streets Apt. 082\nPurdyburgh, NJ 04057-8121','73','2020-03-26 03:03:05','3','Toy','+23(8)0634950025','6','2','5','3','1994-06-05 08:37:46','1991-04-27 11:33:01'),
('10','2','et','564 Metz Crossroad Apt. 550\nPort Rhiannon, DC 18671-7390','63','2020-03-01 21:14:35','3','Kulas','1-568-509-3536x8369','6','3','5','1','1974-09-12 18:17:19','2006-05-27 13:13:31'),
('11','1','libero','03471 Daugherty Stravenue Apt. 198\nNorth Eliasborough, MI 02524','99','2020-03-16 00:57:04','2','Kling','1-035-326-9861x9681','7','2','4','4','1978-04-19 06:05:16','2016-07-23 00:44:13'),
('12','5','aliquid','296 Kianna Overpass\nNorth Marge, IL 18936','89','2020-03-12 01:01:08','1','Gaylord','04009066062','4','2','4','5','2016-03-26 05:13:40','2000-05-29 16:54:45'),
('13','4','doloremque','10379 Renner Court\nPort Casper, SC 94332','12','2020-03-11 13:42:34','3','Kuhlman','06457443450','2','3','4','2','2018-01-02 07:28:12','2006-02-11 14:47:43'),
('14','1','quisquam','423 Buckridge Shores Suite 585\nPort Shanelland, VA 82146','85','2020-03-21 13:27:38','1','Jaskolski','06870630246','7','1','3','3','2008-07-15 09:18:47','2003-05-08 19:40:04'),
('15','5','eveniet','59941 Aiden Brooks\nPort Nicole, RI 91213','78','2020-03-27 12:05:55','1','Anderson','115-103-2042','2','2','5','7','1987-11-09 15:09:31','2013-03-10 11:02:27'),
('16','5','voluptas','314 Waters Prairie Suite 101\nEmmerichhaven, NM 11101-1611','3','2020-03-18 06:31:48','1','Grimes','283.753.9696x0334','2','1','5','2','1992-06-20 17:18:07','1980-01-06 12:45:35'),
('17','3','numquam','070 Braeden Island\nPort Joelle, VA 24247','27','2020-03-12 21:34:51','1','Mills','333-853-3186x600','4','2','5','8','1974-11-02 23:15:54','2014-02-24 23:22:08'),
('18','4','quia','95126 Conroy Well Apt. 966\nShainafort, DC 11800','61','2020-03-11 08:17:49','3','Smitham','05064952918','3','3','3','4','1995-05-26 00:43:26','1991-10-18 03:28:18'),
('19','2','et','525 Julia Causeway\nEast Eveline, IL 22462-6547','66','2020-03-25 23:49:23','2','Harvey','(127)768-3440x129','2','2','2','5','2012-07-23 16:29:12','1973-12-13 21:47:21'),
('20','5','sed','622 Weissnat Village Apt. 936\nNorth Delmerborough, OK 14050','93','2020-03-23 11:12:41','1','Harris','(261)503-8920','6','1','1','4','1988-08-07 23:45:33','2019-12-08 19:17:38'),
('21','4','consequatur','79173 Zoey Plaza Apt. 938\nLake Jazmyn, MS 25575','58','2020-03-27 14:10:17','2','Johnston','536.308.9894','7','3','4','6','1995-03-09 07:32:21','1978-01-25 03:40:25'),
('22','5','laudantium','126 Wiegand Shore\nMaximilliatown, WV 66826','63','2020-03-05 22:32:39','3','Frami','100-880-4492x35135','3','3','5','8','1991-02-02 22:17:20','1974-12-28 13:49:34'),
('23','5','doloribus','11049 Felton Valleys\nStrosintown, NY 55676-3272','7','2020-03-25 04:40:04','1','Roob','1-984-922-0626x57375','6','3','5','8','1992-03-04 07:22:18','1970-11-17 22:45:26'),
('24','3','veniam','63344 Schulist Park\nLomaborough, VA 96236','61','2020-03-12 07:15:55','2','Lehner','178-547-5235x439','6','3','1','6','2016-10-27 05:03:52','2014-08-27 16:08:50'),
('25','5','sed','96714 Cruickshank Landing\nEast Maxietown, IN 35293','90','2020-03-19 12:55:31','2','Brakus','604-485-8497x0809','6','1','3','6','2011-05-24 05:00:26','1976-03-22 02:30:41'),
('26','1','alias','2479 Archibald Grove\nLake Frankie, SC 91557-8439','80','2020-03-20 17:15:42','2','Frami','762.545.0776','1','2','5','3','1989-03-29 12:27:10','1970-07-26 13:34:36'),
('27','4','eos','55104 Blanda Radial\nSouth Janetshire, NC 33923','32','2020-03-06 16:51:29','2','Carter','205.762.4175','6','1','5','5','1978-04-20 21:22:28','1997-09-05 16:17:32'),
('28','3','necessitatibus','29353 Walter Summit Suite 526\nBuddystad, WA 21734-7148','100','2020-03-14 18:36:41','2','Grady','(533)207-9026x855','6','3','3','3','1986-03-01 01:20:54','2007-06-01 15:43:53'),
('29','2','laudantium','078 Gerson Viaduct Suite 198\nNorth Celia, HI 82142-4046','80','2020-03-05 17:34:33','2','Heaney','1-726-914-8370x97767','5','2','2','1','2010-05-25 22:19:13','1993-07-10 01:57:44'),
('30','5','et','74133 Tony Junctions\nSouth Mariochester, GA 00592-8736','72','2020-03-04 12:14:29','1','Williamson','454.686.0865','3','3','1','2','1987-10-17 07:41:47','2005-02-24 11:57:19'),
('31','1','et','87024 Mortimer Rue Apt. 579\nWest Ralphbury, OH 01864-3363','11','2020-03-20 12:39:49','2','Bartoletti','(831)685-6090x29591','6','1','2','2','1987-05-21 02:26:24','1973-07-30 00:22:04'),
('32','5','autem','24652 Jared Ferry Apt. 960\nLegrosmouth, KY 52451','52','2020-03-26 06:55:36','2','Hills','785.325.9386x21633','4','2','1','3','2019-07-08 17:39:36','1987-01-29 23:37:44'),
('33','4','architecto','451 Kuvalis Streets\nSouth Imastad, NJ 33153-4928','2','2020-03-12 05:07:04','3','Quigley','941-782-9599x4299','5','1','4','2','2004-09-16 10:00:10','1995-06-26 22:09:09'),
('34','1','ut','63196 Laura Glen\nPort Paige, DC 96229','92','2020-03-22 17:38:47','2','Stokes','(250)308-3601x49159','3','2','5','7','2005-06-04 13:38:41','2015-06-23 12:00:09'),
('35','1','aliquam','821 Ortiz Bridge Apt. 545\nWest Murphy, UT 96493','97','2020-03-25 21:40:00','2','Barton','1-020-566-4481x99556','2','3','5','1','2011-02-25 18:42:47','1994-07-04 11:28:53'),
('36','5','quia','0604 Erdman Land\nNorth Lester, IN 73011-3271','63','2020-03-09 08:59:31','1','Beatty','015.781.1250','3','2','2','6','1984-12-31 16:29:02','1989-03-31 03:27:15'),
('37','2','autem','77552 Ozella Meadows Apt. 520\nEast Elnafort, AR 02319-5813','36','2020-03-05 01:52:58','3','Bogisich','180-626-1786','7','2','1','6','1984-09-17 00:37:40','1993-03-14 03:22:17'),
('38','3','aliquid','1271 Edyth Fall\nDomenicofurt, MO 91148','53','2020-03-16 18:44:11','2','Luettgen','(079)009-7179','1','2','5','2','2010-04-24 09:37:45','1986-01-06 14:16:57'),
('39','4','adipisci','85128 Kaya Knolls\nNorth Marilie, MO 81222-1292','32','2020-03-24 15:15:12','1','Kuhlman','888.855.4894x1668','2','2','2','3','2000-07-18 10:18:03','1979-09-06 05:56:57'),
('40','4','fugiat','308 Karen Garden Suite 776\nNorth Ashtynshire, OK 44568','75','2020-03-01 20:23:06','1','Friesen','392-515-2584','1','1','4','5','2017-08-18 23:06:02','2001-01-12 00:08:55'),
('41','5','nam','3502 Claire Mission\nQuintonfurt, HI 94564-1724','79','2020-03-11 17:20:17','1','Lebsack','876-339-6272x15186','7','2','1','4','2010-08-27 05:50:24','2010-03-24 11:12:26'),
('42','4','et','73457 Rosella Pine Suite 589\nSouth Adrian, GA 74922-9350','33','2020-03-13 17:46:18','1','Bins','(279)672-1918x618','6','1','2','6','1991-02-05 16:41:49','2002-07-15 14:42:20'),
('43','3','voluptas','7643 Waelchi Union\nMichaelberg, ID 98916','86','2020-02-29 19:37:34','1','Daniel','078-553-2782x9308','5','1','4','1','2002-12-14 20:31:11','2003-11-28 02:29:14'),
('44','2','labore','3789 Casper Knolls\nLake Gisselleborough, MA 59158','36','2020-02-29 11:42:20','1','Fadel','612.066.0020x32999','1','3','5','6','2010-10-16 00:36:12','1974-05-29 11:58:59'),
('45','1','tenetur','7290 Huel Mountains\nNew Landen, NY 33736-3593','31','2020-03-20 04:21:47','1','Cremin','1-417-293-8818','3','3','2','2','2002-09-30 18:28:43','2001-11-21 16:34:29'),
('46','1','totam','295 Stamm Centers\nPort Jayne, NH 88189','48','2020-03-26 18:43:17','3','Nader','+38(7)0984808954','4','3','2','2','2001-01-26 04:36:56','1971-07-10 17:37:51'),
('47','3','voluptates','5984 Glover Stravenue\nWillmsport, TX 75427','81','2020-03-21 03:21:18','3','Mills','(115)906-4620','2','1','4','6','2000-12-25 14:16:35','1994-02-24 19:51:33'),
('48','1','minus','027 Lorena Forges\nSouth Alvina, WV 15998','2','2020-03-14 03:28:16','2','Kshlerin','(873)181-9303','3','1','1','1','1979-02-14 14:53:52','2020-03-12 11:53:07'),
('49','4','quis','1851 Carleton Garden\nLonnyburgh, AZ 85807','85','2020-03-22 20:53:53','2','Dicki','681-662-9708','4','1','2','1','2018-02-06 18:21:07','2008-05-03 20:58:33'),
('50','5','excepturi','11778 Okuneva Mount Apt. 425\nSchinnerfort, SC 00434','47','2020-02-29 12:26:09','3','Reichert','987-210-6973x19943','7','2','3','2','1989-08-08 08:18:56','1991-11-11 23:20:44'),
('51','1','autem','005 West Road Suite 223\nKoelpinport, WY 56322-1995','32','2020-03-23 07:37:40','3','D\'Amore','(879)813-7017','3','3','3','6','2019-04-06 04:08:49','1996-07-24 17:28:36'),
('52','3','suscipit','67857 Buckridge Meadows Apt. 319\nEast Elyse, WY 58616-4177','19','2020-03-10 12:24:14','1','Borer','067-316-4019','5','1','1','2','1974-11-11 21:01:37','2019-07-31 09:41:25'),
('53','5','et','624 Bryon Drive\nLeuschketown, SD 04882-8104','53','2020-03-23 14:49:14','2','Sipes','01705331430','3','2','4','4','1996-06-13 22:05:00','1987-04-12 03:43:24'),
('54','3','molestiae','97031 Joaquin Green Suite 678\nNew Coleman, AK 83715-1762','67','2020-03-03 04:26:21','2','Cassin','685.254.7642x1528','2','1','2','8','1983-03-17 10:01:47','1978-12-27 08:55:39'),
('55','2','fuga','208 Wilbert Parkways\nEast Otiliafort, MD 29660','70','2020-03-17 03:14:18','3','Sanford','1-591-388-8160x8503','7','3','1','8','1977-10-25 03:05:27','1971-07-13 12:46:41'),
('56','2','tempore','5827 Ferry Points\nSouth Ryleestad, AZ 88982','69','2020-03-01 15:36:54','2','Wiegand','(149)337-9705x675','7','1','2','2','2008-04-28 02:53:25','1977-07-06 05:58:34'),
('57','2','dolorem','6668 Gleichner Rest Apt. 083\nWilliamsonmouth, UT 63495','3','2020-03-21 11:40:34','3','Steuber','174.601.7236x65477','2','2','5','3','1970-09-17 05:28:34','2006-02-01 22:03:59'),
('58','1','aut','367 Schmitt Brooks Suite 099\nWest Lincolnmouth, DC 48958','65','2020-03-18 10:32:01','3','Jacobson','107.483.9810','6','2','1','8','1977-06-28 12:03:08','1970-10-31 05:52:20'),
('59','3','officiis','992 Weimann Lane\nEast Torrance, ID 11617','63','2020-03-14 22:15:09','3','Reichel','217-005-2853','5','2','5','7','2005-02-01 13:53:56','1981-05-03 06:26:05'),
('60','3','occaecati','030 Watsica Mission\nEast Orvalville, IL 24351-6952','40','2020-03-03 05:54:57','3','Russel','470-021-5735x0591','5','2','5','1','1978-04-11 05:18:37','1996-03-04 12:28:17'),
('61','5','voluptas','1647 Enos Mount Suite 280\nLake Gudrun, WV 78997','35','2020-03-27 21:20:15','2','Larson','886.191.0744','6','1','3','5','1972-12-13 11:18:44','2018-09-27 12:48:20'),
('62','4','quis','8623 Glennie Expressway\nLeannonfurt, TX 55320-9626','11','2020-03-24 17:17:52','3','Feil','(614)503-3682','7','3','2','7','1975-04-28 09:35:26','1999-11-15 16:52:35'),
('63','2','accusantium','755 Marques Island Apt. 306\nJaneside, NV 89306-3224','76','2020-03-03 08:53:02','1','Kuhn','00280382497','3','1','5','5','1994-01-29 13:26:41','1999-07-18 21:15:39'),
('64','4','amet','40307 Joany Drives Apt. 430\nNorth Nicklausport, SD 45824','52','2020-03-15 11:46:23','1','Feeney','09950988846','3','2','1','6','1976-04-14 17:57:33','1974-06-21 17:45:16'),
('65','5','quos','6959 Jamison Ferry\nNorvalbury, IA 26675','2','2020-03-08 02:19:41','3','Sawayn','(545)316-6404x4649','3','3','4','1','2012-11-28 02:09:13','1984-04-20 21:44:00'),
('66','2','tempora','2455 Mante Road\nEast Devonteport, RI 79641-2457','15','2020-03-10 05:43:23','3','Schulist','686-560-9304x516','5','1','5','1','2005-01-09 01:21:52','1999-11-20 18:58:59'),
('67','3','voluptatum','4226 Turner Expressway\nJeanettemouth, KY 74923-4091','12','2020-03-15 06:06:32','3','Rippin','+89(0)9829033151','7','1','1','4','1987-04-08 03:51:04','1987-09-14 13:42:35'),
('68','2','qui','4667 Tillman Manors Suite 065\nDesireefurt, LA 03985','91','2020-03-19 23:17:19','3','Hoppe','735.311.7297x5931','3','3','5','8','2003-06-08 21:21:35','1999-05-16 17:22:16'),
('69','5','dolores','428 Wiley Shoals Apt. 101\nNew Brittanyport, AR 80799','54','2020-03-28 03:33:12','2','Towne','622-178-3977x912','5','3','2','3','2015-05-03 00:14:42','1984-08-08 23:53:18'),
('70','2','et','6288 Armstrong Wells\nWest Susanna, WI 58197-8102','37','2020-03-28 05:55:21','3','Morissette','(127)169-1294x37499','3','1','3','1','1984-08-19 05:10:33','1972-05-21 03:48:52'),
('71','3','temporibus','221 Adaline Park\nSouth Fritztown, DE 30973-8007','2','2020-03-17 15:52:22','1','Prohaska','995.119.1159','5','1','4','4','2009-09-18 00:00:47','1999-07-03 03:24:26'),
('72','1','tempora','00280 Ericka Skyway\nNew Artside, FL 46501-3790','78','2020-03-05 15:12:57','3','Hintz','(262)198-2898','7','1','5','7','1971-01-17 09:11:52','2003-03-18 07:16:21'),
('73','3','similique','241 Turner Spurs\nHaleychester, MA 10165','84','2020-03-28 11:51:35','3','Anderson','1-646-043-1107','7','2','2','1','1984-06-28 08:02:04','2014-02-20 23:36:39'),
('74','2','quo','3173 Kacey Burgs Apt. 993\nNorth Martineport, AK 32182','91','2020-03-14 23:48:03','2','Howe','02058210133','1','1','3','8','1983-11-20 18:12:10','1993-10-21 05:25:54'),
('75','4','id','6924 Orpha Branch\nPort Americamouth, IL 41779-2375','20','2020-03-02 06:57:32','1','Kuvalis','785.540.2931x28834','3','2','2','4','1971-11-25 09:19:11','2009-04-01 04:24:30'),
('76','1','enim','2186 Kailee Terrace\nNorth Cassiefurt, VA 23506-0586','24','2020-03-10 08:54:56','3','Pollich','368-585-8110x463','3','1','4','4','1985-05-30 06:26:06','1979-02-08 09:28:20'),
('77','1','aut','590 Lacey Burg\nEast Ryann, AR 83296-6095','55','2020-03-14 10:13:58','3','Brakus','1-716-361-5432','1','2','4','1','1993-02-28 17:10:07','1982-11-04 02:40:38'),
('78','1','eveniet','6199 Cummings Fords Suite 734\nLake Gloria, IN 55649','77','2020-03-22 18:28:03','2','O\'Connell','1-719-936-6153x520','3','3','2','7','2006-04-06 22:21:12','2016-08-09 12:31:21'),
('79','4','iure','6181 Kertzmann Station\nEast Jameymouth, KY 40429','3','2020-03-21 07:57:38','3','Smith','+21(7)4416014608','5','2','3','5','1984-06-01 16:42:48','2007-06-20 18:21:24'),
('80','1','saepe','603 Rossie Prairie Suite 330\nWhitneyfort, LA 80818-6018','47','2020-03-21 22:03:44','3','Lockman','043.540.1593x12340','7','2','3','7','1977-05-10 02:41:41','2002-02-20 06:43:01'),
('81','2','molestiae','84195 Wilmer Avenue\nSouth Adriana, NH 04048','52','2020-03-13 20:32:14','2','Fritsch','(181)139-4217x74579','7','2','5','6','1972-02-04 23:23:47','1998-05-05 07:45:42'),
('82','5','ducimus','05811 Derek Village\nLake Christopport, IA 15168','99','2020-03-06 20:46:57','1','Jacobson','778-635-5336x448','2','2','5','7','2016-10-19 15:01:16','2006-09-16 05:42:18'),
('83','4','quia','5090 Genoveva Turnpike Apt. 773\nEast Jarretthaven, MI 44589-5059','79','2020-03-11 18:23:11','1','Dach','407.474.3442x0214','2','1','3','2','2008-11-16 03:48:34','2004-03-04 21:07:38'),
('84','3','maiores','08632 Paucek Lake Suite 993\nVenatown, AR 41052-2773','60','2020-02-29 02:02:54','2','Rempel','(954)416-4777x070','2','3','2','3','1972-10-29 23:20:26','2010-03-29 16:39:41'),
('85','5','vero','6039 Hermann Plains Apt. 475\nKochshire, MN 13436','18','2020-03-23 05:34:44','2','Gerlach','+04(3)0880556694','7','3','4','2','1996-01-25 13:37:33','2007-12-11 04:46:16'),
('86','3','et','22699 Okey Gardens Apt. 235\nDaniellemouth, OR 00315-3263','3','2020-02-29 04:48:13','3','Gulgowski','(010)574-7174','6','1','5','7','2016-10-08 21:12:47','1979-01-28 14:58:50'),
('87','4','voluptas','657 Miller Gateway Apt. 872\nPort Casandrashire, IN 62708','2','2020-03-27 13:45:46','3','Morissette','1-338-647-6523x290','5','3','5','3','1998-05-01 22:35:46','1986-04-18 02:39:48'),
('88','5','voluptates','70392 Angeline Points Apt. 738\nNorth Rod, TN 95848','58','2020-03-06 12:28:30','1','Lang','721-479-9684x34494','2','2','2','7','2018-08-29 16:20:15','1995-11-28 13:15:21'),
('89','4','rerum','48625 Adams Mountains Suite 850\nLake Mabelmouth, FL 48218','35','2020-03-05 04:56:14','3','Moore','(852)826-3391x1260','5','2','5','1','2018-12-13 11:01:32','2009-03-25 01:45:28'),
('90','5','voluptatem','49305 Mraz View Apt. 208\nLake Kattieside, GA 12593-2707','77','2020-03-02 09:00:41','2','Koch','243.883.9126','1','3','3','6','2007-10-10 03:36:43','1976-02-25 01:00:41'),
('91','2','et','26188 Ena Locks Apt. 071\nWest Judahport, KS 60886-3422','97','2020-03-10 19:24:22','3','Cartwright','+08(6)9293641449','1','3','2','4','1989-02-26 20:33:47','1975-12-11 11:47:13'),
('92','5','itaque','7496 Ophelia Cliffs Suite 384\nLake Mckaylatown, AR 00090','74','2020-03-06 11:52:03','1','Padberg','469-148-0870x873','3','3','5','7','2019-03-27 19:44:07','1997-03-09 11:15:42'),
('93','2','ratione','10340 Willms Square Suite 955\nNorth Madonnahaven, DC 51658','61','2020-03-25 23:05:29','3','Homenick','041-108-5817','7','2','1','1','1990-12-29 12:47:49','1976-12-31 12:56:49'),
('94','1','fugit','22252 Pouros Shores Apt. 321\nLangoshside, MT 91196','15','2020-03-06 04:06:31','1','Johnston','1-033-663-6855x3785','3','2','2','1','2020-01-20 21:31:59','2001-09-27 22:05:31'),
('95','1','aut','439 Nicolas Ranch Apt. 377\nEast Laurencetown, OK 67897-6722','32','2020-03-22 05:02:56','3','Hackett','(084)631-6212x94893','2','1','5','7','1982-08-10 03:14:58','1973-11-23 05:01:14'),
('96','1','saepe','6033 Mauricio Alley\nWest Naomie, ND 24722','78','2020-02-28 19:56:32','1','Beatty','+68(4)2905188023','5','3','3','4','2008-06-01 04:32:54','1974-12-21 20:14:30'),
('97','4','numquam','07878 Raven Mountain\nLake Enochchester, KY 03428','74','2020-03-26 18:54:43','3','Ankunding','878-325-8776','4','3','1','1','1978-03-07 03:06:13','1988-03-06 12:47:26'),
('98','2','dolorum','5708 Turner Tunnel\nLake Everett, MO 90342','99','2020-03-19 00:36:34','1','Klocko','(211)615-6067x28868','1','2','5','7','1975-05-23 04:18:50','1981-06-16 09:17:01'),
('99','2','ut','0914 Pedro Estates Suite 191\nNorth Gregoria, MD 62913','93','2020-03-15 12:47:16','3','Toy','(829)907-6104','3','2','1','6','2007-04-18 18:28:22','2005-12-04 03:25:31'),
('100','4','repudiandae','99735 Koepp Forest\nGersonfurt, KY 35243','52','2020-03-18 09:59:33','3','Sipes','01016961220','5','3','3','6','1992-01-01 13:41:45','2013-01-28 05:24:13'); 



-- 8
DROP TABLE IF EXISTS object_type;
CREATE TABLE object_type (
	id INT UNSIGNED NOT NULL AUTO_INCREMENT PRIMARY KEY,
	obj_type VARCHAR(120) NOT NULL
);

INSERT INTO object_type VALUES
('1', 'Объектовая охрана'),
('2', 'Охрана мероприятий'),
('3', 'Личная охрана');



-- 9
DROP TABLE IF EXISTS special_equipment;
CREATE TABLE special_equipment (
	id INT UNSIGNED NOT NULL AUTO_INCREMENT PRIMARY KEY,
	equipment_name VARCHAR(255) NOT NULL
);

INSERT INTO special_equipment VALUES
('1', 'Палка резиновая'),
('2', 'Наручники'),
('3', 'Радиостанция'),
('4', 'Служебный телефон'),
('5', 'Фонарь'),
('6', 'Газовый балончик'),
('7', 'Гарнитура');



-- 10
DROP TABLE IF EXISTS weapons;
CREATE TABLE weapons (
	id INT UNSIGNED NOT NULL AUTO_INCREMENT PRIMARY KEY,
	weapon_name VARCHAR(255) NOT NULL,
	type VARCHAR(120) NOT NULL
);

INSERT INTO weapons VALUES
('1', 'Пистолет Макарыч', 'ограниченного поражения'),
('2', 'Пистолет ИЖ', 'боевой'),
('3', 'Ружье Сайга', 'гладкоствольное'),
('4', 'Ружье Сайга', 'нарезное');




-- 11
DROP TABLE IF EXISTS warehouse_property;
DROP TABLE warehouse_property;
CREATE TABLE warehouse_property (
	id INT UNSIGNED NOT NULL AUTO_INCREMENT PRIMARY KEY,
	name VARCHAR(255) NOT NULL,
	quantity INT UNSIGNED NOT NULL,
	created_at datetime DEFAULT CURRENT_TIMESTAMP,
	updated_at datetime DEFAULT CURRENT_TIMESTAMP ON UPDATE CURRENT_TIMESTAMP
);

INSERT INTO warehouse_property VALUES
('1', 'Кровать двухярусная', '80','2019-08-09 14:15:59','2020-03-02 00:04:39'),
('2', 'Раскладушка', '150', '2019-08-09 14:15:59','2020-03-02 00:04:39'),
('3', 'Микровольновая печь', '80', '2019-08-09 14:15:59','2020-03-02 00:04:39'),
('4', 'Мультиварка', '100', '2019-08-09 14:15:59','2020-03-02 00:04:39'),
('5', 'Холодильник', '150', '2019-08-09 14:15:59','2020-03-02 00:04:39'),
('6', 'Мультиварка', '50', '2019-08-09 14:15:59','2020-03-02 00:04:39'),
('7', 'Комплект одеяло, подушка', '250', '2019-08-09 14:15:59','2020-03-02 00:04:39'),
('8', 'Комплект постельного белья', '350', '2019-08-09 14:15:59','2020-03-02 00:04:39'),
('9', 'Обогреватель', '250', '2019-08-09 14:15:59','2020-03-02 00:04:39'),
('10', 'Вентилятор', '150', '2019-08-09 14:15:59','2020-03-02 00:04:39');




-- 12
DROP TABLE IF EXISTS transport;
CREATE TABLE transport (
	id INT UNSIGNED NOT NULL AUTO_INCREMENT PRIMARY KEY,
	name VARCHAR(255) NOT NULL,
	state_car_number VARCHAR(120) NOT NULL,
	type_ownership VARCHAR(120) NOT NULL,
	special_characters VARCHAR(20) NOT NULL,
	created_at datetime DEFAULT CURRENT_TIMESTAMP,
	updated_at datetime DEFAULT CURRENT_TIMESTAMP ON UPDATE CURRENT_TIMESTAMP
);

INSERT INTO transport VALUES
('1', 'Mercedes Vito', 'а777аа199', 'Собственность', 'Да', '2019-08-09 14:15:59','2020-03-02 00:04:39'),
('2', 'Mercedes GLS', 'а999аа199', 'Собственность', 'Нет', '2019-08-09 14:15:59','2020-03-02 00:04:39'),
('3', 'Volkswagen Transopter', 'а111аа199', 'Лизинг', 'Да', '2019-08-09 14:15:59','2020-03-02 00:04:39'),
('4', 'Тигр', 'а999аа199', 'Лизинг', 'Да', '2019-08-09 14:15:59','2020-03-02 00:04:39'),
('5', 'Тигр', 'а999аа199', 'Лизинг', 'Да', '2019-08-09 14:15:59','2020-03-02 00:04:39'),
('6', 'Тигр', 'а999аа199', 'Лизинг', 'Да', '2019-08-09 14:15:59','2020-03-02 00:04:39'),
('7', 'Тигр', 'а999аа199', 'Лизинг', 'Да', '2019-08-09 14:15:59','2020-03-02 00:04:39'),
('8', 'Тигр', 'а999аа199', 'Лизинг', 'Да', '2019-08-09 14:15:59','2020-03-02 00:04:39');




-- 13
DROP TABLE IF EXISTS workers_rang_types;
CREATE TABLE workers_rang_types (
	id INT UNSIGNED NOT NULL AUTO_INCREMENT PRIMARY KEY,
	w_rang_type VARCHAR(255) NOT NULL
);

INSERT INTO workers_rang_types VALUES
('1', 'Начальник объекта'),
('2', 'Старший смены'),
('3', 'Рядовой сотрудник охраны'),
('4', 'Дежурный ЧОП');




-- 14
DROP TABLE IF EXISTS company;
CREATE TABLE company (
	id INT UNSIGNED NOT NULL AUTO_INCREMENT PRIMARY KEY,
	company_name VARCHAR(255) NOT NULL,
	counterterrorism_security VARCHAR(20) NOT NULL,
	city VARCHAR(255) NOT NULL,
	adress VARCHAR(255) NOT NULL,
	tel VARCHAR(255) NOT NULL,
	CEO VARCHAR(255) NOT NULL,
	created_at datetime DEFAULT CURRENT_TIMESTAMP,
	updated_at datetime DEFAULT CURRENT_TIMESTAMP ON UPDATE CURRENT_TIMESTAMP	
);


SELECT * FROM company;
INSERT INTO `company` VALUES ('1','ЧОП-А','Да','Cliftonside','71813 Thompson Track','066-931-1532x99851','Иванов Руслан Иванович','1994-12-26 05:39:29','1984-12-08 06:49:59'),
('2','ЧОП-Б','Да','New Yessenia','646 Zane Canyon Suite 606','1-679-646-4278x789','Петров Денис Андреевич','2019-09-07 07:04:18','2002-03-09 10:40:27'),
('3','ЧОП-В',' Нет','Beckerborough','88732 Stone Avenue Apt. 121','+21(2)7117179933','Нарышкин Олег Сергеевич','1980-05-16 02:39:05','1976-03-18 15:51:16'),
('4','ЧОП-Г','Да','Arnulfoland','090 Schowalter Path','1-460-568-9786x831','Прив Андрей Юрьевич','1980-08-05 13:01:06','1991-05-06 23:25:04'),
('5','ЧОП-Д','Да','New Archibaldtown','525 Dietrich Forks Suite 980','1-313-802-0185x8463','Сурков Андрей Игоревич','1974-06-14 23:56:28','1976-07-10 20:19:29');



-- 15
DROP TABLE IF EXISTS administration_workers_rang_types;
CREATE TABLE administration_workers_rang_types (
	id INT UNSIGNED NOT NULL AUTO_INCREMENT PRIMARY KEY,
	admin_w_rang_type VARCHAR(255) NOT NULL
);

INSERT INTO administration_workers_rang_types VALUES
('1', 'Генеральный директор'),
('2', 'Заместитель Генерального директора'),
('3', 'Начальник отдела'),
('4', 'Сотрудник отдела');




-- 16
DROP TABLE IF EXISTS uniform_type;
CREATE TABLE uniform_type (
	id INT UNSIGNED NOT NULL AUTO_INCREMENT PRIMARY KEY,
	u_type VARCHAR(255) NOT NULL
);

INSERT INTO uniform_type VALUES
('1', 'Специальная форма'),
('2', 'Офисная форма'),
('3', 'Форма типа спецназ');



-- 17 -
DROP TABLE IF EXISTS type_tax_system;
CREATE TABLE type_tax_system (
	id INT UNSIGNED NOT NULL AUTO_INCREMENT PRIMARY KEY,
	tax_type VARCHAR(255) NOT NULL
);

INSERT INTO type_tax_system VALUES
('1', 'НДС'),
('2', 'Упрощенная система налогообложения');



-- -----------------------------------------------------------------------------
-- Количество сотрудников по ЧОП
SELECT company.company_name, COUNT(workers.last_name)  FROM workers JOIN company ON workers.work_company = company.id GROUP BY 1;
-- Выборка ЧОПов в алфавитном порядке, где присутсвует тип объекта - объектовая охрана
SELECT DISTINCT (SELECT company_name FROM company WHERE company.id = objects.company_name) FROM objects WHERE object_type = 1 ORDER BY 1;



-- Представления
-- 1) Название обьекта, название организации
CREATE OR REPLACE VIEW comp AS 
	SELECT objects.o_name AS 'Object name',
		company.company_name AS 'Company name' 
	FROM objects, company 
	WHERE objects.company_name = company.id;
SELECT * FROM comp;
-- 2) ФИО сотрдуника и наименование организации
CREATE OR REPLACE VIEW admincomp AS 
	SELECT CONCAT(administration_workers.first_name, ' ', administration_workers.last_name, ' ', administration_workers.birthday) AS 'Administration workers',
		company.company_name AS 'Company name' 
	FROM administration_workers, company 
	WHERE administration_workers.work_company = company.id;
SELECT * FROM admincomp;



-- Хранимые процедуры
-- 1) выводит имя, фамилию, день рождения, тип формы, размеры
DELIMITER //
DROP PROCEDURE IF EXISTS set_x //
CREATE PROCEDURE set_x()
BEGIN
	SELECT first_name, last_name, birthday, uni_type, sizes
	FROM workers ORDER BY 1;
END //
CALL set_x()//
DELIMITER ;
-- 2) выводит название организации и адресс, где тип ораны - личная охрана
DELIMITER //
DROP PROCEDURE IF EXISTS set_y //
CREATE PROCEDURE set_y()
BEGIN
	SELECT o_name, adress
	FROM objects WHERE object_type=3;
END //
CALL set_y()//
DELIMITER ;



-- Триггеры
DELIMITER //
CREATE TRIGGER update_workers BEFORE UPDATE ON workers
FOR EACH ROW
BEGIN
	IF NEW.first_name = NULL THEN SIGNAL SQLSTATE '45001' SET MESSAGE_TEXT = 'Update first name';
	END IF;
	IF NEW.last_name = NULL THEN SIGNAL SQLSTATE '45001' SET MESSAGE_TEXT = 'Update last name';
	END IF;
END//
DELIMITER ;

DELIMITER //
CREATE TRIGGER update_objects BEFORE UPDATE ON objects
FOR EACH ROW
BEGIN
	IF NEW.o_name = NULL THEN SIGNAL SQLSTATE '45001' SET MESSAGE_TEXT = 'Update object name';
	END IF;
	IF NEW.adress = NULL THEN SIGNAL SQLSTATE '45001' SET MESSAGE_TEXT = 'Update adress string';
	END IF;
END//
DELIMITER ;

