-- MySQL dump 10.13  Distrib 8.0.19, for macos10.15 (x86_64)
--
-- Host: localhost    Database: vk
-- ------------------------------------------------------
-- Server version	8.0.19

/*!40101 SET @OLD_CHARACTER_SET_CLIENT=@@CHARACTER_SET_CLIENT */;
/*!40101 SET @OLD_CHARACTER_SET_RESULTS=@@CHARACTER_SET_RESULTS */;
/*!40101 SET @OLD_COLLATION_CONNECTION=@@COLLATION_CONNECTION */;
/*!50503 SET NAMES utf8 */;
/*!40103 SET @OLD_TIME_ZONE=@@TIME_ZONE */;
/*!40103 SET TIME_ZONE='+00:00' */;
/*!40014 SET @OLD_UNIQUE_CHECKS=@@UNIQUE_CHECKS, UNIQUE_CHECKS=0 */;
/*!40014 SET @OLD_FOREIGN_KEY_CHECKS=@@FOREIGN_KEY_CHECKS, FOREIGN_KEY_CHECKS=0 */;
/*!40101 SET @OLD_SQL_MODE=@@SQL_MODE, SQL_MODE='NO_AUTO_VALUE_ON_ZERO' */;
/*!40111 SET @OLD_SQL_NOTES=@@SQL_NOTES, SQL_NOTES=0 */;

--
-- Table structure for table `communities`
--

DROP TABLE IF EXISTS `communities`;
/*!40101 SET @saved_cs_client     = @@character_set_client */;
/*!50503 SET character_set_client = utf8mb4 */;
CREATE TABLE `communities` (
  `id` int unsigned NOT NULL AUTO_INCREMENT,
  `name` varchar(150) CHARACTER SET utf8 COLLATE utf8_unicode_ci NOT NULL,
  `media_id` int unsigned DEFAULT NULL,
  `motto` varchar(255) COLLATE utf8_unicode_ci DEFAULT NULL,
  `info` text COLLATE utf8_unicode_ci,
  PRIMARY KEY (`id`),
  UNIQUE KEY `name` (`name`)
) ENGINE=InnoDB AUTO_INCREMENT=151 DEFAULT CHARSET=utf8 COLLATE=utf8_unicode_ci;
/*!40101 SET character_set_client = @saved_cs_client */;

--
-- Dumping data for table `communities`
--

LOCK TABLES `communities` WRITE;
/*!40000 ALTER TABLE `communities` DISABLE KEYS */;
INSERT INTO `communities` VALUES (1,'debitis',NULL,NULL,NULL),(2,'dolorem',NULL,NULL,NULL),(3,'blanditiis',NULL,NULL,NULL),(4,'optio',NULL,NULL,NULL),(5,'ad',NULL,NULL,NULL),(6,'perspiciatis',NULL,NULL,NULL),(7,'voluptatibus',NULL,NULL,NULL),(8,'ullam',NULL,NULL,NULL),(9,'doloribus',NULL,NULL,NULL),(10,'quo',NULL,NULL,NULL),(11,'vero',NULL,NULL,NULL),(12,'eius',NULL,NULL,NULL),(13,'quibusdam',NULL,NULL,NULL),(14,'tempora',NULL,NULL,NULL),(15,'et',NULL,NULL,NULL),(16,'labore',NULL,NULL,NULL),(17,'ut',NULL,NULL,NULL),(18,'qui',NULL,NULL,NULL),(19,'maiores',NULL,NULL,NULL),(20,'est',NULL,NULL,NULL);
/*!40000 ALTER TABLE `communities` ENABLE KEYS */;
UNLOCK TABLES;

--
-- Table structure for table `communities_users`
--

DROP TABLE IF EXISTS `communities_users`;
/*!40101 SET @saved_cs_client     = @@character_set_client */;
/*!50503 SET character_set_client = utf8mb4 */;
CREATE TABLE `communities_users` (
  `community_id` int unsigned NOT NULL,
  `user_id` int unsigned NOT NULL,
  PRIMARY KEY (`community_id`,`user_id`)
) ENGINE=InnoDB DEFAULT CHARSET=utf8 COLLATE=utf8_unicode_ci;
/*!40101 SET character_set_client = @saved_cs_client */;

--
-- Dumping data for table `communities_users`
--

LOCK TABLES `communities_users` WRITE;
/*!40000 ALTER TABLE `communities_users` DISABLE KEYS */;
INSERT INTO `communities_users` VALUES (1,7),(1,29),(1,33),(1,53),(1,76),(2,34),(2,52),(2,71),(2,80),(2,91),(3,18),(3,48),(3,62),(3,72),(4,16),(4,24),(4,28),(4,36),(4,56),(4,63),(4,81),(5,1),(5,2),(5,11),(5,26),(5,38),(5,75),(5,85),(6,4),(6,5),(6,12),(6,31),(6,35),(7,40),(7,41),(7,69),(8,3),(8,32),(8,57),(8,79),(8,93),(8,97),(9,8),(9,23),(9,39),(9,44),(9,51),(9,58),(9,68),(9,70),(9,73),(9,94),(9,96),(10,46),(10,60),(10,64),(11,47),(11,61),(11,77),(11,83),(11,92),(12,6),(12,25),(12,27),(12,67),(12,82),(12,90),(13,10),(13,15),(13,21),(13,78),(13,98),(13,100),(14,22),(14,30),(14,50),(14,74),(15,43),(15,84),(15,88),(16,13),(16,42),(17,19),(17,20),(17,55),(17,66),(18,65),(18,87),(18,99),(19,17),(19,37),(19,59),(19,86),(19,95),(20,9),(20,14),(20,45),(20,49),(20,54),(20,89);
/*!40000 ALTER TABLE `communities_users` ENABLE KEYS */;
UNLOCK TABLES;

--
-- Table structure for table `friendship`
--

DROP TABLE IF EXISTS `friendship`;
/*!40101 SET @saved_cs_client     = @@character_set_client */;
/*!50503 SET character_set_client = utf8mb4 */;
CREATE TABLE `friendship` (
  `user_id` int unsigned NOT NULL,
  `friend_id` int unsigned NOT NULL,
  `status_id` int unsigned NOT NULL,
  `requested_at` datetime DEFAULT CURRENT_TIMESTAMP,
  `confirmed_at` datetime DEFAULT NULL,
  PRIMARY KEY (`user_id`,`friend_id`)
) ENGINE=InnoDB DEFAULT CHARSET=utf8 COLLATE=utf8_unicode_ci;
/*!40101 SET character_set_client = @saved_cs_client */;

--
-- Dumping data for table `friendship`
--

LOCK TABLES `friendship` WRITE;
/*!40000 ALTER TABLE `friendship` DISABLE KEYS */;
INSERT INTO `friendship` VALUES (1,37,3,'1980-06-06 15:56:56','1980-01-27 12:59:55'),(2,7,3,'1984-04-12 23:18:24','1970-04-18 06:34:28'),(3,22,1,'2004-11-21 09:49:59','1971-08-02 00:32:28'),(6,88,2,'2019-02-05 08:48:56','1975-03-19 19:03:55'),(7,90,2,'2003-12-02 23:24:34','1970-06-23 03:07:05'),(8,85,1,'2007-06-10 11:26:46','1977-11-06 00:55:24'),(9,5,1,'2008-07-13 10:17:04','1983-04-07 21:49:28'),(9,23,3,'2005-07-25 11:28:59','1987-08-07 01:55:58'),(11,31,3,'2007-03-26 20:35:44','2009-08-16 00:07:34'),(11,48,1,'1972-11-04 11:26:11','2017-05-02 12:16:10'),(11,54,3,'1977-06-26 18:06:50','2019-10-23 23:31:50'),(12,12,2,'2005-05-08 04:06:24','1989-03-08 00:10:41'),(14,2,1,'1995-08-20 19:04:35','1975-11-06 04:04:18'),(14,44,2,'1973-09-03 01:58:11','1978-06-06 13:33:48'),(14,45,3,'1979-12-03 09:08:12','1997-01-26 07:26:32'),(14,86,1,'1976-08-12 18:18:24','2005-01-22 02:58:55'),(16,95,2,'2004-11-09 07:35:53','1990-02-05 06:35:12'),(17,61,1,'1990-11-10 16:03:00','1978-12-05 13:35:52'),(17,79,1,'2006-09-27 15:36:42','1973-07-08 17:06:58'),(18,36,2,'1985-10-16 10:56:43','1994-12-01 23:08:23'),(20,75,1,'1986-01-31 22:07:19','1974-03-19 01:21:19'),(21,14,3,'1978-09-30 09:36:19','1974-03-18 02:55:05'),(22,43,2,'1977-09-02 17:03:48','1997-12-12 10:24:38'),(22,52,3,'1996-09-26 13:44:09','1993-01-26 01:40:29'),(23,81,3,'2006-05-21 02:49:32','1995-04-16 18:45:54'),(24,11,3,'2002-03-14 11:47:59','2005-06-15 05:27:14'),(24,35,1,'2016-08-01 02:50:23','1984-09-08 04:15:08'),(25,41,2,'1982-07-05 22:17:12','2016-07-06 08:19:25'),(26,74,3,'1987-10-14 03:29:51','1999-01-14 18:53:14'),(26,75,3,'1970-11-09 20:00:55','2000-12-20 00:32:23'),(27,11,1,'2011-06-18 07:00:11','2011-05-21 22:10:47'),(27,13,3,'1983-12-10 04:01:25','1992-10-27 02:58:24'),(27,15,1,'1989-11-08 01:58:21','1994-10-02 14:00:18'),(27,65,2,'1990-12-04 06:44:04','2001-05-05 21:49:59'),(29,19,1,'1985-03-05 21:49:47','2014-10-12 04:46:42'),(29,98,2,'1989-10-13 09:59:50','1985-09-29 15:09:09'),(33,85,2,'2006-06-28 06:09:04','1983-03-23 09:37:39'),(34,28,2,'1972-01-17 09:41:22','2015-01-26 20:07:22'),(36,86,3,'1986-06-16 01:12:08','1986-04-07 05:25:29'),(36,94,2,'1988-06-02 22:46:31','1980-06-27 03:35:28'),(37,12,3,'1982-07-20 05:15:04','2008-07-31 04:21:43'),(37,29,2,'2006-10-15 05:37:02','2000-07-18 03:28:17'),(37,100,2,'1987-09-12 12:19:37','1978-10-02 07:51:34'),(38,37,1,'1982-09-22 20:30:45','1995-12-20 19:31:36'),(39,16,3,'1983-01-20 08:15:11','2009-11-08 08:31:11'),(39,31,2,'1990-04-06 22:42:18','2000-05-16 17:09:29'),(41,67,2,'1990-07-17 03:14:24','1976-12-25 16:01:48'),(44,24,1,'1995-08-30 10:51:41','1988-12-06 09:30:43'),(49,15,1,'1970-07-03 17:18:34','1990-11-07 14:49:14'),(49,17,3,'1997-04-15 18:07:40','2002-10-02 01:05:36'),(49,57,3,'1996-10-20 21:32:25','1976-08-25 02:01:24'),(50,44,3,'1971-05-20 22:08:39','2019-04-09 14:21:27'),(52,23,2,'2002-05-14 05:54:12','1999-08-30 22:38:44'),(54,47,1,'1970-01-31 15:35:55','2014-02-21 19:57:55'),(54,86,2,'2019-12-23 12:51:38','1975-09-27 23:07:12'),(55,76,2,'2018-04-18 19:59:43','2005-09-23 11:47:27'),(57,18,3,'1988-04-18 07:46:34','1984-09-29 18:24:51'),(59,15,3,'1988-10-24 01:25:37','1970-06-17 09:54:31'),(60,7,3,'2010-07-03 02:34:06','2018-01-14 13:08:06'),(61,56,3,'1992-05-30 18:09:07','2009-05-14 17:15:47'),(62,41,2,'1981-07-17 15:25:25','2010-12-02 11:29:31'),(65,9,3,'1981-04-21 00:34:35','1978-05-31 15:38:00'),(65,29,3,'1984-07-13 10:05:04','2003-05-25 01:23:10'),(67,2,3,'1986-04-17 05:20:03','1976-01-09 05:03:08'),(68,35,3,'1979-03-17 00:43:01','1998-01-29 17:29:40'),(68,80,3,'2007-08-04 00:34:17','1991-09-22 07:02:15'),(69,32,2,'1993-06-27 00:56:45','2002-08-04 05:51:58'),(69,40,2,'1982-04-05 12:22:14','1980-04-28 03:37:34'),(72,29,3,'1973-12-09 00:17:30','1971-09-14 10:59:47'),(73,51,3,'1997-07-11 03:46:11','2018-12-21 19:44:10'),(75,44,2,'1983-02-03 17:44:55','2008-02-28 00:32:33'),(76,36,3,'2002-12-24 04:10:16','1986-12-04 05:33:17'),(76,39,3,'1991-06-17 13:06:26','2014-08-28 01:50:49'),(78,52,3,'2006-04-14 17:45:59','1995-09-15 08:52:27'),(82,75,3,'1982-08-01 22:19:08','1998-10-02 01:09:09'),(83,4,3,'2010-08-31 21:58:19','2003-06-03 09:03:58'),(84,23,2,'1971-02-05 11:24:18','2005-05-06 18:18:17'),(85,28,2,'1997-06-06 10:07:42','1996-12-06 19:19:41'),(85,91,3,'1978-09-05 10:55:33','2001-09-06 13:55:28'),(86,47,1,'1977-05-15 05:29:17','2009-12-20 16:48:35'),(86,60,1,'2011-11-16 10:01:41','1976-02-21 07:47:34'),(86,74,3,'2008-03-02 17:42:46','1983-06-26 22:42:10'),(86,95,1,'2010-09-04 23:47:41','1987-11-02 17:49:18'),(87,36,3,'2013-03-16 23:05:44','1999-02-25 20:33:22'),(87,65,2,'1971-11-19 16:01:52','1997-06-07 16:17:37'),(90,40,2,'2003-01-27 22:26:11','2010-05-10 15:33:39'),(91,12,2,'1996-07-28 20:21:48','2002-08-08 09:40:18'),(91,31,1,'2011-10-13 08:24:36','1993-06-11 07:55:41'),(91,34,3,'1994-01-30 20:31:21','2003-04-01 07:44:47'),(93,33,2,'1975-08-25 06:10:39','1990-05-06 23:57:57'),(94,12,3,'2016-07-28 03:10:11','1983-02-25 20:19:35'),(96,80,3,'1970-03-07 08:31:02','1985-10-13 02:49:14'),(97,40,2,'2000-05-22 06:32:18','1979-05-09 20:39:06'),(97,42,2,'1994-01-17 04:25:40','1981-08-24 23:51:08'),(98,31,3,'2008-07-17 23:04:38','2001-03-11 10:39:55'),(98,37,1,'1982-10-26 18:34:57','2018-02-23 05:43:06'),(98,62,1,'2015-12-29 21:39:36','2010-02-05 20:20:23'),(99,22,3,'1974-01-22 14:47:10','2010-04-13 00:23:45'),(99,26,3,'1991-04-04 16:16:59','2017-04-07 06:27:54'),(100,82,2,'2004-07-10 13:50:46','2004-01-10 23:54:28');
/*!40000 ALTER TABLE `friendship` ENABLE KEYS */;
UNLOCK TABLES;

--
-- Table structure for table `friendship_statuses`
--

DROP TABLE IF EXISTS `friendship_statuses`;
/*!40101 SET @saved_cs_client     = @@character_set_client */;
/*!50503 SET character_set_client = utf8mb4 */;
CREATE TABLE `friendship_statuses` (
  `id` int unsigned NOT NULL AUTO_INCREMENT,
  `name` varchar(150) CHARACTER SET utf8 COLLATE utf8_unicode_ci NOT NULL,
  PRIMARY KEY (`id`),
  UNIQUE KEY `name` (`name`)
) ENGINE=InnoDB AUTO_INCREMENT=4 DEFAULT CHARSET=utf8 COLLATE=utf8_unicode_ci;
/*!40101 SET character_set_client = @saved_cs_client */;

--
-- Dumping data for table `friendship_statuses`
--

LOCK TABLES `friendship_statuses` WRITE;
/*!40000 ALTER TABLE `friendship_statuses` DISABLE KEYS */;
INSERT INTO `friendship_statuses` VALUES (2,'Confirmed'),(3,'Rejected'),(1,'Requested');
/*!40000 ALTER TABLE `friendship_statuses` ENABLE KEYS */;
UNLOCK TABLES;

--
-- Table structure for table `media`
--

DROP TABLE IF EXISTS `media`;
/*!40101 SET @saved_cs_client     = @@character_set_client */;
/*!50503 SET character_set_client = utf8mb4 */;
CREATE TABLE `media` (
  `id` int unsigned NOT NULL AUTO_INCREMENT,
  `media_type` int unsigned NOT NULL,
  `user_id` int unsigned NOT NULL,
  `file_name` varchar(255) CHARACTER SET utf8 COLLATE utf8_unicode_ci NOT NULL,
  `size` int NOT NULL,
  `metadata` json DEFAULT NULL,
  `created_at` datetime DEFAULT CURRENT_TIMESTAMP,
  `updated_at` datetime DEFAULT CURRENT_TIMESTAMP ON UPDATE CURRENT_TIMESTAMP,
  PRIMARY KEY (`id`)
) ENGINE=InnoDB AUTO_INCREMENT=101 DEFAULT CHARSET=utf8 COLLATE=utf8_unicode_ci;
/*!40101 SET character_set_client = @saved_cs_client */;

--
-- Dumping data for table `media`
--

LOCK TABLES `media` WRITE;
/*!40000 ALTER TABLE `media` DISABLE KEYS */;
INSERT INTO `media` VALUES (1,3,68,'https://goodle.docs/vk/file_ut.mp3',4081,'{\"owner\": \"Hortense Sawayn\"}','2018-02-24 16:24:03','2020-02-29 00:09:45'),(2,1,5,'https://goodle.docs/vk/file_tempore.jpg',875068,'{\"owner\": \"Nathanael Cruickshank\"}','1989-03-11 05:59:23','2020-02-29 00:09:45'),(3,1,83,'https://goodle.docs/vk/file_minus.jpg',485903,'{\"owner\": \"Edward Russel\"}','1986-05-21 03:18:52','2020-02-29 00:09:45'),(4,2,24,'https://goodle.docs/vk/file_quia.mkv',906192753,'{\"owner\": \"Maurine Crona\"}','1980-06-18 10:01:01','2020-02-29 00:09:45'),(5,2,10,'https://goodle.docs/vk/file_atque.mkv',86677031,'{\"owner\": \"Efren Bartoletti\"}','1986-09-01 22:55:58','2020-02-29 00:09:45'),(6,3,58,'https://goodle.docs/vk/file_quod.mp3',5086,'{\"owner\": \"Bette Mosciski\"}','1992-03-24 15:57:23','2020-02-29 00:09:45'),(7,2,8,'https://goodle.docs/vk/file_reiciendis.mkv',83,'{\"owner\": \"Lucie Leuschke\"}','1992-04-19 19:57:47','2020-02-29 00:09:45'),(8,3,21,'https://goodle.docs/vk/file_illo.mp3',49614734,'{\"owner\": \"Vito McGlynn\"}','2019-12-15 04:16:29','2020-02-29 00:09:45'),(9,3,27,'https://goodle.docs/vk/file_ducimus.mp3',430,'{\"owner\": \"Donald Veum\"}','1995-07-07 22:10:38','2020-02-29 00:09:45'),(10,2,23,'https://goodle.docs/vk/file_amet.mkv',0,'{\"owner\": \"Karl Upton\"}','1979-07-17 16:53:27','2020-02-29 00:09:45'),(11,3,92,'https://goodle.docs/vk/file_cum.mp3',9,'{\"owner\": \"Pansy Roob\"}','1981-11-25 20:31:55','2020-02-29 00:09:45'),(12,3,41,'https://goodle.docs/vk/file_consectetur.mp3',69817893,'{\"owner\": \"Alexane Cronin\"}','2016-05-01 22:20:13','2020-02-29 00:09:45'),(13,2,50,'https://goodle.docs/vk/file_voluptate.mkv',7440,'{\"owner\": \"Elmira Wisoky\"}','1991-03-20 05:49:32','2020-02-29 00:09:45'),(14,3,82,'https://goodle.docs/vk/file_quis.mp3',0,'{\"owner\": \"Rebeca Streich\"}','1996-10-16 23:38:22','2020-02-29 00:09:45'),(15,2,100,'https://goodle.docs/vk/file_et.mkv',42156454,'{\"owner\": \"Domenick Jacobson\"}','2010-03-02 10:23:26','2020-02-29 00:09:45'),(16,2,53,'https://goodle.docs/vk/file_ab.mkv',6571944,'{\"owner\": \"Finn Kiehn\"}','2007-08-21 19:39:58','2020-02-29 00:09:45'),(17,1,8,'https://goodle.docs/vk/file_voluptatum.jpg',8,'{\"owner\": \"Lucie Leuschke\"}','1986-07-02 21:19:28','2020-02-29 00:09:45'),(18,3,74,'https://goodle.docs/vk/file_aut.mp3',7287,'{\"owner\": \"Corrine Friesen\"}','2003-02-04 13:55:54','2020-02-29 00:09:45'),(19,3,30,'https://goodle.docs/vk/file_quia.mp3',33,'{\"owner\": \"Marlene Hamill\"}','1970-04-02 14:27:46','2020-02-29 00:09:45'),(20,2,89,'https://goodle.docs/vk/file_libero.mkv',463166,'{\"owner\": \"Roma Harvey\"}','2020-01-09 19:27:44','2020-02-29 00:09:45'),(21,2,27,'https://goodle.docs/vk/file_qui.mkv',793,'{\"owner\": \"Donald Veum\"}','2002-05-22 11:13:27','2020-02-29 00:09:45'),(22,1,3,'https://goodle.docs/vk/file_facilis.jpg',75,'{\"owner\": \"Verona Hegmann\"}','1978-04-21 16:10:30','2020-02-29 00:09:45'),(23,2,6,'https://goodle.docs/vk/file_labore.mkv',0,'{\"owner\": \"Shayne Wehner\"}','1986-08-22 02:30:07','2020-02-29 00:09:45'),(24,2,86,'https://goodle.docs/vk/file_aut.mkv',306,'{\"owner\": \"Aurelio Langworth\"}','1978-06-06 18:35:49','2020-02-29 00:09:45'),(25,1,76,'https://goodle.docs/vk/file_dolorum.jpg',8943,'{\"owner\": \"Alanis Volkman\"}','1996-02-28 20:08:10','2020-02-29 00:09:45'),(26,2,72,'https://goodle.docs/vk/file_animi.mkv',2,'{\"owner\": \"Eliseo Schmeler\"}','2006-05-26 18:49:19','2020-02-29 00:09:45'),(27,3,69,'https://goodle.docs/vk/file_sed.mp3',5204,'{\"owner\": \"Kale Bogisich\"}','2006-10-21 02:11:45','2020-02-29 00:09:45'),(28,1,68,'https://goodle.docs/vk/file_itaque.jpg',10,'{\"owner\": \"Hortense Sawayn\"}','2008-04-11 15:42:29','2020-02-29 00:09:45'),(29,3,65,'https://goodle.docs/vk/file_quibusdam.mp3',69845830,'{\"owner\": \"Patrick Effertz\"}','2002-07-10 13:13:45','2020-02-29 00:09:45'),(30,2,27,'https://goodle.docs/vk/file_laboriosam.mkv',7574911,'{\"owner\": \"Donald Veum\"}','1976-10-22 09:07:58','2020-02-29 00:09:45'),(31,3,10,'https://goodle.docs/vk/file_dolorem.mp3',995,'{\"owner\": \"Efren Bartoletti\"}','2019-04-11 21:09:03','2020-02-29 00:09:45'),(32,2,55,'https://goodle.docs/vk/file_enim.mkv',55132,'{\"owner\": \"Billie Vandervort\"}','2016-07-31 16:01:40','2020-02-29 00:09:45'),(33,1,43,'https://goodle.docs/vk/file_odit.jpg',482,'{\"owner\": \"Lisandro Heidenreich\"}','1982-11-16 22:50:47','2020-02-29 00:09:45'),(34,1,17,'https://goodle.docs/vk/file_commodi.jpg',4113238,'{\"owner\": \"Michale Auer\"}','1986-12-29 21:28:03','2020-02-29 00:09:45'),(35,2,31,'https://goodle.docs/vk/file_et.mkv',8815,'{\"owner\": \"Terrance Bode\"}','1999-05-29 02:07:52','2020-02-29 00:09:45'),(36,3,23,'https://goodle.docs/vk/file_dolor.mp3',451824855,'{\"owner\": \"Karl Upton\"}','1996-11-11 14:46:26','2020-02-29 00:09:45'),(37,2,65,'https://goodle.docs/vk/file_ut.mkv',603,'{\"owner\": \"Patrick Effertz\"}','1984-05-06 04:24:07','2020-02-29 00:09:45'),(38,1,23,'https://goodle.docs/vk/file_accusamus.jpg',818216,'{\"owner\": \"Karl Upton\"}','1979-12-01 05:54:57','2020-02-29 00:09:45'),(39,2,37,'https://goodle.docs/vk/file_et.mkv',0,'{\"owner\": \"Arlene Ruecker\"}','1979-07-08 07:57:19','2020-02-29 00:09:45'),(40,2,2,'https://goodle.docs/vk/file_enim.mkv',5,'{\"owner\": \"Emmy Fay\"}','2002-08-04 11:10:10','2020-02-29 00:09:45'),(41,1,89,'https://goodle.docs/vk/file_laudantium.jpg',573131,'{\"owner\": \"Roma Harvey\"}','2006-12-14 01:59:56','2020-02-29 00:09:45'),(42,3,79,'https://goodle.docs/vk/file_quo.mp3',76450,'{\"owner\": \"Cordie Keeling\"}','2002-01-06 12:14:13','2020-02-29 00:09:45'),(43,1,88,'https://goodle.docs/vk/file_inventore.jpg',9121,'{\"owner\": \"Zetta Becker\"}','2005-12-20 22:19:58','2020-02-29 00:09:45'),(44,2,61,'https://goodle.docs/vk/file_omnis.mkv',3143,'{\"owner\": \"Dagmar Bergnaum\"}','1978-10-07 03:18:20','2020-02-29 00:09:45'),(45,1,59,'https://goodle.docs/vk/file_ad.jpg',726646,'{\"owner\": \"Murphy Wisozk\"}','2017-10-09 08:16:23','2020-02-29 00:09:45'),(46,3,65,'https://goodle.docs/vk/file_occaecati.mp3',1,'{\"owner\": \"Patrick Effertz\"}','1974-04-05 20:27:34','2020-02-29 00:09:45'),(47,1,94,'https://goodle.docs/vk/file_et.jpg',4002083,'{\"owner\": \"Myrtis Rutherford\"}','1985-09-20 01:14:44','2020-02-29 00:09:45'),(48,1,91,'https://goodle.docs/vk/file_tempora.jpg',5,'{\"owner\": \"Flavie Hackett\"}','1978-05-15 21:36:07','2020-02-29 00:09:45'),(49,1,79,'https://goodle.docs/vk/file_rerum.jpg',26028641,'{\"owner\": \"Cordie Keeling\"}','2009-04-23 07:42:07','2020-02-29 00:09:45'),(50,2,80,'https://goodle.docs/vk/file_sit.mkv',83484,'{\"owner\": \"Albert Watsica\"}','1980-04-21 12:37:57','2020-02-29 00:09:45'),(51,1,9,'https://goodle.docs/vk/file_saepe.jpg',62,'{\"owner\": \"Jennings Konopelski\"}','2004-01-27 22:55:50','2020-02-29 00:09:45'),(52,1,53,'https://goodle.docs/vk/file_ipsa.jpg',90,'{\"owner\": \"Finn Kiehn\"}','2018-01-13 23:43:11','2020-02-29 00:09:45'),(53,1,19,'https://goodle.docs/vk/file_ipsam.jpg',744,'{\"owner\": \"Flavio Beatty\"}','1974-06-12 09:34:59','2020-02-29 00:09:45'),(54,2,81,'https://goodle.docs/vk/file_itaque.mkv',314415159,'{\"owner\": \"Maude Ankunding\"}','1971-11-14 05:48:53','2020-02-29 00:09:45'),(55,2,55,'https://goodle.docs/vk/file_odio.mkv',407,'{\"owner\": \"Billie Vandervort\"}','2009-05-15 12:16:14','2020-02-29 00:09:45'),(56,3,13,'https://goodle.docs/vk/file_pariatur.mp3',5417518,'{\"owner\": \"Cary Denesik\"}','1993-03-13 19:02:33','2020-02-29 00:09:45'),(57,3,49,'https://goodle.docs/vk/file_omnis.mp3',78551,'{\"owner\": \"Jeff Padberg\"}','1995-03-27 04:23:12','2020-02-29 00:09:45'),(58,1,2,'https://goodle.docs/vk/file_asperiores.jpg',6956024,'{\"owner\": \"Emmy Fay\"}','2001-04-15 17:09:15','2020-02-29 00:09:45'),(59,3,94,'https://goodle.docs/vk/file_dolorem.mp3',577,'{\"owner\": \"Myrtis Rutherford\"}','1978-04-02 03:55:58','2020-02-29 00:09:45'),(60,1,57,'https://goodle.docs/vk/file_incidunt.jpg',5,'{\"owner\": \"Marjolaine Kuhn\"}','2007-03-04 18:44:35','2020-02-29 00:09:45'),(61,3,28,'https://goodle.docs/vk/file_dolor.mp3',7556,'{\"owner\": \"Alvena Rolfson\"}','2009-11-13 18:59:39','2020-02-29 00:09:45'),(62,2,13,'https://goodle.docs/vk/file_explicabo.mkv',295,'{\"owner\": \"Cary Denesik\"}','2015-11-01 06:59:19','2020-02-29 00:09:45'),(63,2,91,'https://goodle.docs/vk/file_eveniet.mkv',32349775,'{\"owner\": \"Flavie Hackett\"}','1983-09-03 04:56:03','2020-02-29 00:09:45'),(64,1,2,'https://goodle.docs/vk/file_fuga.jpg',1,'{\"owner\": \"Emmy Fay\"}','1978-05-30 18:54:59','2020-02-29 00:09:45'),(65,2,21,'https://goodle.docs/vk/file_recusandae.mkv',685345300,'{\"owner\": \"Vito McGlynn\"}','1974-12-14 22:00:28','2020-02-29 00:09:45'),(66,1,66,'https://goodle.docs/vk/file_doloremque.jpg',54384937,'{\"owner\": \"Ambrose O\'Reilly\"}','2016-09-19 05:01:31','2020-02-29 00:09:45'),(67,1,65,'https://goodle.docs/vk/file_nobis.jpg',217897228,'{\"owner\": \"Patrick Effertz\"}','2010-08-24 11:25:42','2020-02-29 00:09:45'),(68,3,37,'https://goodle.docs/vk/file_ex.mp3',62370822,'{\"owner\": \"Arlene Ruecker\"}','2000-07-06 08:01:52','2020-02-29 00:09:45'),(69,1,11,'https://goodle.docs/vk/file_autem.jpg',961,'{\"owner\": \"Kirsten Cassin\"}','1974-08-23 02:45:32','2020-02-29 00:09:45'),(70,3,80,'https://goodle.docs/vk/file_quia.mp3',2359,'{\"owner\": \"Albert Watsica\"}','1989-07-08 02:07:36','2020-02-29 00:09:45'),(71,2,8,'https://goodle.docs/vk/file_est.mkv',53,'{\"owner\": \"Lucie Leuschke\"}','1992-09-25 23:15:09','2020-02-29 00:09:45'),(72,3,34,'https://goodle.docs/vk/file_vel.mp3',146343750,'{\"owner\": \"Jude DuBuque\"}','1973-11-16 11:50:20','2020-02-29 00:09:45'),(73,3,75,'https://goodle.docs/vk/file_laborum.mp3',303,'{\"owner\": \"Lamar Prohaska\"}','2013-12-19 15:42:38','2020-02-29 00:09:45'),(74,3,3,'https://goodle.docs/vk/file_explicabo.mp3',49983581,'{\"owner\": \"Verona Hegmann\"}','1978-08-28 01:56:38','2020-02-29 00:09:45'),(75,2,90,'https://goodle.docs/vk/file_ratione.mkv',6,'{\"owner\": \"Gabrielle Weissnat\"}','1990-10-12 20:30:43','2020-02-29 00:09:45'),(76,3,74,'https://goodle.docs/vk/file_eius.mp3',8555,'{\"owner\": \"Corrine Friesen\"}','2000-03-28 16:02:30','2020-02-29 00:09:45'),(77,2,100,'https://goodle.docs/vk/file_non.mkv',382,'{\"owner\": \"Domenick Jacobson\"}','2004-08-08 07:59:20','2020-02-29 00:09:45'),(78,1,32,'https://goodle.docs/vk/file_debitis.jpg',23384540,'{\"owner\": \"Austen Sporer\"}','1985-04-28 05:44:18','2020-02-29 00:09:45'),(79,2,98,'https://goodle.docs/vk/file_doloribus.mkv',299,'{\"owner\": \"Bettye Wiegand\"}','2002-07-09 09:09:44','2020-02-29 00:09:45'),(80,3,68,'https://goodle.docs/vk/file_saepe.mp3',5653,'{\"owner\": \"Hortense Sawayn\"}','1977-04-24 16:37:51','2020-02-29 00:09:45'),(81,1,11,'https://goodle.docs/vk/file_numquam.jpg',8,'{\"owner\": \"Kirsten Cassin\"}','1977-04-03 20:14:30','2020-02-29 00:09:45'),(82,3,89,'https://goodle.docs/vk/file_facilis.mp3',52741882,'{\"owner\": \"Roma Harvey\"}','1971-08-01 07:42:16','2020-02-29 00:09:45'),(83,3,87,'https://goodle.docs/vk/file_et.mp3',825662204,'{\"owner\": \"Chelsie Kihn\"}','1995-06-14 01:00:50','2020-02-29 00:09:45'),(84,2,51,'https://goodle.docs/vk/file_suscipit.mkv',198175569,'{\"owner\": \"Sandy Mraz\"}','1979-08-22 03:11:31','2020-02-29 00:09:45'),(85,2,72,'https://goodle.docs/vk/file_sit.mkv',926150398,'{\"owner\": \"Eliseo Schmeler\"}','2000-12-10 08:02:54','2020-02-29 00:09:45'),(86,2,5,'https://goodle.docs/vk/file_dolorum.mkv',838,'{\"owner\": \"Nathanael Cruickshank\"}','2008-09-22 23:12:58','2020-02-29 00:09:45'),(87,1,47,'https://goodle.docs/vk/file_est.jpg',1022606,'{\"owner\": \"Peter Kohler\"}','2012-08-14 17:05:09','2020-02-29 00:09:45'),(88,2,33,'https://goodle.docs/vk/file_eum.mkv',131680368,'{\"owner\": \"Reta Schiller\"}','2011-02-24 15:19:45','2020-02-29 00:09:45'),(89,2,13,'https://goodle.docs/vk/file_impedit.mkv',7656539,'{\"owner\": \"Cary Denesik\"}','2005-12-04 14:26:09','2020-02-29 00:09:45'),(90,3,45,'https://goodle.docs/vk/file_impedit.mp3',7029,'{\"owner\": \"Kevin Murphy\"}','2001-09-05 02:36:28','2020-02-29 00:09:45'),(91,3,23,'https://goodle.docs/vk/file_et.mp3',76283,'{\"owner\": \"Karl Upton\"}','2018-07-08 16:14:47','2020-02-29 00:09:45'),(92,2,35,'https://goodle.docs/vk/file_doloremque.mkv',6206275,'{\"owner\": \"Zoie Jones\"}','2017-12-08 16:13:00','2020-02-29 00:09:45'),(93,2,47,'https://goodle.docs/vk/file_aut.mkv',495026,'{\"owner\": \"Peter Kohler\"}','2000-05-30 00:16:08','2020-02-29 00:09:45'),(94,3,70,'https://goodle.docs/vk/file_doloribus.mp3',1,'{\"owner\": \"Stacy Rowe\"}','1977-02-25 03:44:17','2020-02-29 00:09:45'),(95,1,4,'https://goodle.docs/vk/file_saepe.jpg',93837,'{\"owner\": \"Nannie Crona\"}','1985-05-04 04:02:53','2020-02-29 00:09:45'),(96,1,48,'https://goodle.docs/vk/file_debitis.jpg',6227,'{\"owner\": \"Zena Braun\"}','1990-10-27 06:16:09','2020-02-29 00:09:45'),(97,1,73,'https://goodle.docs/vk/file_molestias.jpg',26,'{\"owner\": \"Fay Metz\"}','1989-06-11 23:53:51','2020-02-29 00:09:45'),(98,2,40,'https://goodle.docs/vk/file_ad.mkv',23684299,'{\"owner\": \"Dell Shields\"}','1993-06-14 23:21:14','2020-02-29 00:09:45'),(99,2,100,'https://goodle.docs/vk/file_sunt.mkv',3745,'{\"owner\": \"Domenick Jacobson\"}','1992-11-16 19:33:41','2020-02-29 00:09:45'),(100,3,40,'https://goodle.docs/vk/file_voluptatem.mp3',2720895,'{\"owner\": \"Dell Shields\"}','2009-10-08 07:39:07','2020-02-29 00:09:45');
/*!40000 ALTER TABLE `media` ENABLE KEYS */;
UNLOCK TABLES;

--
-- Table structure for table `media_types`
--

DROP TABLE IF EXISTS `media_types`;
/*!40101 SET @saved_cs_client     = @@character_set_client */;
/*!50503 SET character_set_client = utf8mb4 */;
CREATE TABLE `media_types` (
  `id` int unsigned NOT NULL AUTO_INCREMENT,
  `name` varchar(255) CHARACTER SET utf8 COLLATE utf8_unicode_ci NOT NULL,
  `created_at` datetime DEFAULT CURRENT_TIMESTAMP,
  PRIMARY KEY (`id`),
  UNIQUE KEY `name` (`name`)
) ENGINE=InnoDB DEFAULT CHARSET=utf8 COLLATE=utf8_unicode_ci;
/*!40101 SET character_set_client = @saved_cs_client */;

--
-- Dumping data for table `media_types`
--

LOCK TABLES `media_types` WRITE;
/*!40000 ALTER TABLE `media_types` DISABLE KEYS */;
/*!40000 ALTER TABLE `media_types` ENABLE KEYS */;
UNLOCK TABLES;

--
-- Table structure for table `messages`
--

DROP TABLE IF EXISTS `messages`;
/*!40101 SET @saved_cs_client     = @@character_set_client */;
/*!50503 SET character_set_client = utf8mb4 */;
CREATE TABLE `messages` (
  `id` int unsigned NOT NULL AUTO_INCREMENT,
  `from_user_id` int unsigned NOT NULL,
  `to_user_id` int unsigned NOT NULL,
  `body` text CHARACTER SET utf8 COLLATE utf8_unicode_ci NOT NULL,
  `is_important` tinyint(1) DEFAULT NULL,
  `is_delivered` tinyint(1) DEFAULT NULL,
  `created_at` datetime DEFAULT CURRENT_TIMESTAMP,
  `read_at` datetime DEFAULT NULL,
  `edited_at` datetime DEFAULT NULL,
  PRIMARY KEY (`id`)
) ENGINE=InnoDB AUTO_INCREMENT=101 DEFAULT CHARSET=utf8 COLLATE=utf8_unicode_ci;
/*!40101 SET character_set_client = @saved_cs_client */;

--
-- Dumping data for table `messages`
--

LOCK TABLES `messages` WRITE;
/*!40000 ALTER TABLE `messages` DISABLE KEYS */;
INSERT INTO `messages` VALUES (1,23,24,'Ipsa molestias quas vero ratione autem quasi officia. Commodi beatae rem quaerat architecto minus amet. Harum dolorem quis corporis rerum corporis. Ut at doloribus culpa eligendi ea deleniti. Qui quae quae ducimus animi amet odio est.',1,0,'1989-03-07 18:41:38',NULL,NULL),(2,50,77,'Debitis voluptate ullam culpa consequatur ad sint. Magnam veritatis expedita tempora aut ut dolor qui.',0,1,'1989-02-20 00:52:18',NULL,NULL),(3,33,34,'Adipisci sed esse veritatis minima. Deleniti ut dolorem perspiciatis dolore sint. Ex nihil libero consequuntur quo. Repudiandae et id et autem.',1,1,'1974-04-14 17:45:33',NULL,NULL),(4,70,47,'Et sapiente consequuntur veritatis modi sint harum quia. Qui nulla qui minus. Qui nihil et nobis aut. Atque ea libero beatae quia.',1,1,'1977-11-06 05:45:33',NULL,NULL),(5,26,88,'Cum quam ullam vitae optio. Illo eos vel qui quis. Sed sed maiores nobis pariatur. Soluta minima labore hic neque alias.',0,1,'1977-08-26 12:22:31',NULL,NULL),(6,62,44,'Accusamus possimus maxime ullam laborum voluptas veniam minima ipsam. Quo aliquid porro possimus quibusdam velit perferendis exercitationem. Et voluptatem neque atque magni nihil magnam.',1,0,'1989-10-07 05:25:11',NULL,NULL),(7,36,47,'Voluptatem saepe maiores error explicabo omnis possimus repellendus. Et consequatur provident cumque vel et. Error alias aut illo ut illo. Quo doloribus officia vel aut voluptatem unde voluptatem numquam. Sit sit tenetur dolorem non et a.',1,0,'1979-07-10 01:06:14',NULL,NULL),(8,27,92,'Aut nesciunt quis eaque quidem id. Rem odit ipsam id maxime soluta aut qui. Molestias animi temporibus quibusdam repellat dolorum quod officiis. Qui alias nam ipsum consequatur eum consequatur ut.',0,1,'2010-04-23 10:21:02',NULL,NULL),(9,79,20,'Quod rerum quibusdam facere voluptas quia. Voluptatem omnis aspernatur consequuntur ipsam aut iusto magni.',1,1,'2012-05-03 01:01:08',NULL,NULL),(10,60,39,'Recusandae voluptatibus vel fuga delectus. Nesciunt enim fugiat consectetur rerum. Consectetur vero eligendi itaque facere.',0,0,'2005-10-04 16:46:52',NULL,NULL),(11,18,69,'Consequatur quia et iure labore. Sed rem beatae consectetur eos et voluptatem autem dolores. Facilis animi id vel non dolore et sit. Rem non architecto rerum similique molestias aut.',0,1,'1978-02-23 09:00:32',NULL,NULL),(12,92,54,'Rerum magnam ullam sit autem excepturi distinctio at. Quia ut at cum minima consequuntur. Est ut voluptas praesentium quo hic.',1,0,'1971-02-24 20:17:10',NULL,NULL),(13,91,93,'Qui dignissimos quam consectetur exercitationem dolores. Laborum optio corporis omnis ipsa. Aut neque libero sed voluptas cumque libero temporibus. Id quo cumque vitae corrupti sit rerum.',0,0,'1986-12-29 13:34:03',NULL,NULL),(14,92,80,'Sit dolore rem inventore aut aut quia architecto. Quis libero quis delectus natus nisi.',0,1,'2019-07-21 10:52:49',NULL,NULL),(15,25,82,'Consequatur accusamus ea aut id dolorem in tenetur. Deserunt ad cumque repudiandae sed quasi et sed numquam. Adipisci rerum error tempore. Maxime delectus ut reprehenderit.',0,1,'2017-06-20 00:31:24',NULL,NULL),(16,35,28,'Iure ab voluptatem eos aut eos odit quam. Placeat eum laborum ut pariatur. Eum expedita suscipit aut qui. Harum fugiat a laudantium provident.',0,1,'2011-07-09 13:21:13',NULL,NULL),(17,36,94,'Architecto vel omnis quos odit. Iusto dolores est et dignissimos. Sed iusto harum repudiandae odio ipsa nihil.',0,1,'1998-02-22 00:21:49',NULL,NULL),(18,62,27,'Sunt placeat in ea recusandae explicabo quo voluptatem. Nisi nemo ullam pariatur est. Nihil tempora laboriosam unde quia esse. Quos porro maiores molestiae debitis reprehenderit.',1,0,'1984-08-08 23:24:06',NULL,NULL),(19,50,69,'Adipisci sunt nam ex omnis quisquam ab. Nisi at ad tempora omnis. Sed est molestiae unde voluptatum et.',1,0,'1997-08-17 19:00:00',NULL,NULL),(20,94,62,'Velit quasi ea quaerat accusantium rerum labore. Doloribus dolores vitae aut et error numquam. Reiciendis at et quis. Quae quis fugit non.',1,1,'1984-07-17 07:13:09',NULL,NULL),(21,28,52,'Sed culpa quis molestiae enim quia. Autem quas soluta iure repellendus et et. Distinctio sit eligendi cum dolores.',0,1,'1980-04-03 02:33:19',NULL,NULL),(22,77,28,'Nihil labore minima consequatur omnis. Esse accusamus dignissimos itaque distinctio consequatur deserunt accusamus aperiam. Nesciunt molestias illum ut aut voluptatem.',0,0,'1986-08-29 17:32:19',NULL,NULL),(23,7,52,'Voluptas fugit qui aut pariatur. Sequi suscipit illo repellat provident non culpa. Maxime delectus quos eum earum dignissimos cupiditate voluptatem ut.',0,0,'1975-05-19 04:22:47',NULL,NULL),(24,36,26,'Veritatis fuga non minus ipsa culpa eos. Et sit non debitis aperiam dolores commodi tenetur. Cum sint quam quasi. Error aperiam nam hic.',0,0,'2019-01-01 13:25:58',NULL,NULL),(25,20,23,'Provident enim nemo perferendis aut officia. Quis eius sed incidunt. Consequatur aut sed nostrum temporibus autem.',0,1,'2014-09-06 20:55:24',NULL,NULL),(26,54,1,'Est omnis velit quod fugit quia reprehenderit aspernatur distinctio. Rerum itaque delectus qui corporis sint ab. Natus recusandae ut aperiam alias quos consequuntur.',1,0,'1989-03-03 20:03:51',NULL,NULL),(27,41,4,'Unde quibusdam qui dolorem deleniti vel accusamus aliquam. Qui vel eum dolorem et non harum. Aperiam quia voluptatem laudantium. Modi maiores enim optio.',1,1,'2004-04-04 13:36:59',NULL,NULL),(28,94,57,'Omnis et perspiciatis vel vitae ut quam. Quaerat non id rerum quia excepturi eveniet.',1,1,'1976-08-03 15:57:45',NULL,NULL),(29,4,47,'Quae quaerat error deserunt qui optio. Quos eligendi est hic voluptas et culpa labore. Ut rerum aut voluptates alias officia aliquid. Et mollitia velit ipsa possimus quod.',1,0,'2004-11-02 03:52:59',NULL,NULL),(30,22,69,'Vitae repudiandae qui non ut dolorem blanditiis ut. Voluptas corporis qui magnam quia eos reprehenderit commodi animi. Quae dolores debitis odit dolore perferendis.',0,0,'1977-03-17 10:12:47',NULL,NULL),(31,77,78,'Non incidunt veniam sed velit. Sed voluptas repellat optio cumque nostrum temporibus. Error id nemo ea animi enim laborum. Numquam quia odio repellat debitis quibusdam ipsa.',1,0,'1995-03-06 14:47:35',NULL,NULL),(32,60,63,'Nihil nulla tenetur placeat odio aut accusantium aut. Dolorum laboriosam itaque quidem dolores aut odit. Expedita quia eos vitae omnis nihil fuga odit.',1,0,'1995-11-29 18:53:03',NULL,NULL),(33,36,89,'Rerum doloremque modi voluptatem veniam eos blanditiis. Enim aut eos et minus. Nostrum fugiat sed quasi culpa amet enim.',0,1,'1981-08-01 17:17:09',NULL,NULL),(34,35,11,'Doloremque est corrupti a mollitia. Repudiandae ad rem ut illum itaque nulla. Omnis porro sint error soluta et deleniti. Asperiores nulla explicabo fuga.',1,1,'1973-08-07 00:36:14',NULL,NULL),(35,49,12,'Ut enim fuga in autem quia beatae fuga. Vel laboriosam praesentium ea sit. Sint voluptas fugiat non in sunt. Assumenda veniam quasi quo omnis eligendi a.',1,1,'1989-07-13 19:41:42',NULL,NULL),(36,13,28,'Qui ratione asperiores rerum maxime. Voluptatem praesentium ullam sequi excepturi et et ea.',1,1,'2018-09-12 17:51:10',NULL,NULL),(37,99,12,'Blanditiis dicta quae corrupti. Vel labore aut distinctio natus est harum odit.',1,1,'1989-03-18 01:55:13',NULL,NULL),(38,60,67,'Quos doloremque occaecati distinctio nam dignissimos quos. Facilis praesentium quia quis eius rerum et dolorem.',1,0,'2000-08-11 15:15:14',NULL,NULL),(39,53,65,'Sit sit culpa reprehenderit nobis ut. Ipsam quia minima saepe animi cum sed sed.',1,0,'1975-05-09 02:26:56',NULL,NULL),(40,63,22,'Est cum et quia nihil. Ipsum dolor eum et. Nemo voluptas voluptas quia exercitationem voluptatem est ratione dolores. Alias ut saepe sunt ut molestiae culpa et. Officiis cum labore itaque eveniet ut.',1,0,'2018-09-05 19:09:43',NULL,NULL),(41,21,37,'Similique dicta est velit quis qui. Ad perferendis rerum qui. Rem reiciendis voluptas corporis et ipsum.',0,1,'2007-03-04 03:24:52',NULL,NULL),(42,24,6,'Ut ab doloribus iure eos quo accusantium hic. Numquam voluptates et et sit. Dolore repellat corporis necessitatibus impedit similique doloremque voluptatibus eius.',1,1,'1988-08-15 04:36:58',NULL,NULL),(43,57,69,'Et porro quo est omnis quia maiores. Placeat eveniet explicabo et consequatur pariatur. Vitae est laudantium eveniet nesciunt. Dolores neque corporis eum corrupti et porro reiciendis sit. Ut possimus in earum maxime.',0,1,'1984-10-16 13:52:45',NULL,NULL),(44,74,62,'Autem fugit eius pariatur minus harum. Sunt non sunt debitis ullam aliquid aspernatur. Alias qui laudantium perspiciatis laboriosam ratione earum quasi voluptas. Quia ut vero nesciunt nulla est.',1,0,'1988-08-26 08:41:22',NULL,NULL),(45,88,51,'Impedit illo temporibus laudantium dicta. Esse porro doloremque voluptate. Sed consequuntur itaque incidunt eum nulla et. Repellendus dicta culpa magni quo molestiae.',1,0,'2016-05-08 01:43:31',NULL,NULL),(46,92,6,'Qui modi quod sed iusto eaque sapiente aut. Repellendus necessitatibus nihil voluptatum est. At id commodi est amet dolores laudantium.',1,0,'1999-07-30 22:12:01',NULL,NULL),(47,55,56,'Facilis aspernatur necessitatibus qui error enim voluptas. Magnam tempora et eos eos et. Expedita atque totam consequuntur explicabo nostrum voluptatem. Corrupti mollitia ipsa voluptatem ullam ut commodi reprehenderit. Est et at aperiam consectetur soluta consequatur odio.',1,0,'1989-06-08 17:22:43',NULL,NULL),(48,14,1,'Velit consequatur autem quasi. Error voluptas est quod quaerat doloribus consequuntur. Mollitia minus et et beatae eveniet sed. Et expedita nihil ex nobis iure.',1,1,'2005-05-28 01:36:11',NULL,NULL),(49,62,6,'Alias est voluptate magnam voluptas dolor ipsa molestias placeat. Iure aut sapiente velit earum ipsam ab et. Ea in vel ducimus quia odio sint. Velit in alias commodi temporibus.',1,0,'1985-01-11 16:45:08',NULL,NULL),(50,42,95,'Cumque minus voluptatibus doloribus et. Omnis nostrum hic excepturi eum saepe. Aut voluptatem consectetur id itaque expedita perferendis autem distinctio. Beatae veniam ut voluptates deleniti qui.',0,1,'2006-06-08 15:50:19',NULL,NULL),(51,46,46,'Suscipit architecto commodi non ut tempora. Omnis cum sit veniam modi consequuntur. Dolorum quia maiores maxime voluptates dolorem earum dolorem. Ut iusto laborum autem minus enim.',0,0,'1982-10-03 07:07:37',NULL,NULL),(52,91,16,'Dolores unde eaque dolor eius aut rem dolorem. Omnis molestiae incidunt occaecati voluptatibus in sunt vel. Dolorum occaecati veritatis ut laboriosam eum.',1,1,'2012-09-25 14:59:48',NULL,NULL),(53,6,82,'Voluptatem est a et culpa. Et ipsam similique explicabo adipisci et quod. Repudiandae corporis ullam culpa odit eum.',1,0,'1973-08-20 21:42:17',NULL,NULL),(54,91,9,'Voluptas et ipsum asperiores eos ratione. Aspernatur qui possimus provident. Perspiciatis quia qui iusto accusantium ut.',0,0,'2010-08-20 02:01:17',NULL,NULL),(55,73,38,'Repellat nam odio aliquam debitis iusto eligendi quaerat. Possimus et aut vel sit reiciendis illum. Rerum dolorum ad animi natus. Dolores totam ut nihil ea sunt delectus voluptatem adipisci.',0,0,'1992-11-13 00:10:14',NULL,NULL),(56,68,27,'Veniam tempore ea illo quia. Aliquam ea sequi tempora voluptatem voluptatem natus quibusdam. Corporis magni perspiciatis architecto reprehenderit. Qui quisquam suscipit impedit.',1,0,'1995-03-13 03:00:15',NULL,NULL),(57,30,69,'Dolorum sunt et aperiam qui amet hic. Vel eius aut consequatur dolorum architecto. Accusamus ad asperiores velit corrupti.',1,1,'1995-10-28 03:32:18',NULL,NULL),(58,54,62,'Numquam similique dolorem a doloremque. Et voluptatem rem doloremque temporibus tempore. Corrupti tenetur commodi quod voluptatem voluptate. Eum et rerum earum quia eaque est.',1,0,'1989-11-19 09:22:57',NULL,NULL),(59,48,52,'Saepe aut esse et qui laborum. Qui alias totam in dolore architecto molestiae maxime. Eveniet asperiores id beatae sint officiis.',0,1,'1982-07-30 20:03:04',NULL,NULL),(60,16,22,'Cupiditate maxime illo autem ex et nisi. Qui necessitatibus quo sint est et possimus. Enim ut quia deserunt nihil iste maxime. Libero ut molestiae ut eum dolorem eum necessitatibus nostrum.',0,1,'2004-04-16 10:39:55',NULL,NULL),(61,63,50,'Libero commodi sint reprehenderit voluptates voluptas et minus. Amet optio ipsam soluta reprehenderit. Dolore sed saepe et nemo. Excepturi consequatur assumenda libero commodi et nam aperiam.',1,1,'2004-05-16 17:34:52',NULL,NULL),(62,59,44,'Sed eos sed ab ab exercitationem. Voluptatibus iste earum voluptate omnis et at velit vero. Corporis nihil voluptatem impedit. Et ex voluptas suscipit aliquam vero sapiente officia.',1,0,'1978-08-26 14:53:50',NULL,NULL),(63,42,80,'Quam dolore totam est dolor ducimus saepe in. Aliquid eum natus quos. Quas et sit natus voluptatibus eaque. Aut voluptate tenetur consectetur ut quis qui. Eveniet doloribus corporis rerum facilis.',1,1,'1970-04-08 06:29:00',NULL,NULL),(64,72,18,'Nostrum sunt laboriosam praesentium inventore. Fugit ab amet corrupti molestiae. Commodi cum rerum doloremque dolorem.',0,1,'1978-02-21 06:44:51',NULL,NULL),(65,75,19,'Saepe nulla illo aut iure voluptatem. Dolores aut aliquid excepturi ex quisquam accusantium. Omnis laborum deserunt libero sit alias cumque et. Provident enim vel omnis.',1,1,'2014-09-24 21:27:32',NULL,NULL),(66,71,98,'Qui architecto ab modi neque earum omnis omnis. Inventore qui pariatur et. Quia deleniti omnis itaque ipsum cumque sit. Vel quia reiciendis culpa sapiente. Accusantium labore ducimus aut ducimus error.',1,1,'1974-03-02 01:26:00',NULL,NULL),(67,76,83,'Optio mollitia temporibus omnis rerum ut distinctio molestiae. Ut neque sapiente sunt voluptates. Recusandae nemo harum similique sit harum dolorum saepe. Unde quo qui recusandae quia eos excepturi aperiam. Ex ex necessitatibus odio rerum vitae quia et.',0,1,'2015-11-14 17:40:27',NULL,NULL),(68,90,98,'Esse id non dolorum ea. Eum et cumque dolor iure. Odit est cum autem inventore possimus dolores qui.',0,0,'2002-03-09 11:15:03',NULL,NULL),(69,20,5,'Quasi exercitationem voluptatem fugit asperiores voluptas. Placeat consectetur saepe consequatur repellendus. Tempora iusto nam tenetur aut ullam veritatis. Alias autem nulla omnis nihil voluptatem.',1,0,'2007-12-15 04:12:51',NULL,NULL),(70,63,1,'Eum a error praesentium molestias quidem. Animi sed corporis voluptate unde voluptatibus consequatur quidem excepturi. Facere deserunt enim rerum omnis aspernatur perferendis.',1,1,'1983-10-31 12:12:33',NULL,NULL),(71,16,76,'Quidem quia fugiat voluptatem sapiente cupiditate aliquid et. Atque id et sequi nam. Veniam dolores enim nostrum ut quasi sit.',1,0,'2014-12-24 02:17:22',NULL,NULL),(72,31,28,'Aut amet ad dolorem rem illum quis aut. Consectetur molestiae omnis eum nihil amet et quo est. Dolor sed unde at. Dolores placeat et eveniet incidunt dolor porro dolore. Eos aut et dolores nihil est.',0,0,'1997-03-17 03:19:57',NULL,NULL),(73,48,52,'Nostrum eveniet sapiente esse sit quo laudantium nobis recusandae. Voluptatem quis non distinctio et nisi quidem. Suscipit cum beatae expedita vero aut dignissimos quis. Ut qui commodi est eos fugiat in.',1,0,'2014-07-06 18:27:05',NULL,NULL),(74,18,32,'Itaque illum vel natus voluptas. Ratione occaecati voluptatem quo eos eaque repellat. Quisquam est velit id sint laboriosam et velit.',1,0,'1973-05-21 06:57:08',NULL,NULL),(75,8,43,'Aut tenetur explicabo fugit iure vel voluptatem. Fugiat ex laboriosam blanditiis enim. Modi dolor qui ipsam eum. Impedit id corporis est dolorum repellendus inventore aut quisquam.',0,0,'1986-01-20 00:04:56',NULL,NULL),(76,88,13,'Explicabo quas autem et sit eaque. Enim quia et eum nam ad. Sed architecto odio eos voluptates non itaque. Quia doloribus veritatis similique et consequatur illum vitae enim. Nihil nihil maxime fugiat mollitia et suscipit et.',1,1,'2005-10-10 12:11:24',NULL,NULL),(77,1,66,'Assumenda consequatur facere occaecati quam quis consequatur. Dolorum quod et saepe eos cupiditate quibusdam. Iure sapiente accusamus accusamus sint perspiciatis quo eaque voluptas.',1,1,'2014-08-17 17:21:51',NULL,NULL),(78,24,22,'Sit assumenda aperiam veritatis atque. Nobis velit sequi autem consequatur explicabo illo. Minima voluptas ea provident vel.',1,0,'2010-05-17 23:56:13',NULL,NULL),(79,38,22,'Cupiditate et qui odit cupiditate velit maxime cum. Voluptates suscipit placeat minus amet. Vero repellat saepe totam minima necessitatibus veritatis. At ratione dolorem optio vel sed.',0,0,'1988-03-07 08:41:29',NULL,NULL),(80,98,25,'Eos non quasi nostrum officia eligendi et quod molestiae. Perspiciatis cum voluptatem aut quo enim sit. Minus et rerum quaerat eos a eveniet voluptatum.',0,0,'1986-12-24 13:05:06',NULL,NULL),(81,27,60,'Aut quos qui itaque ex in placeat. Consequatur quibusdam voluptatem veritatis omnis velit rerum. Fugit dolor rerum dolorum vero dolorem a rerum. Qui atque ducimus neque ut accusamus.',0,1,'2019-09-02 07:00:09',NULL,NULL),(82,21,23,'Soluta eos sapiente fugiat quia laboriosam. Non dignissimos consequuntur ipsum. Minima distinctio est laudantium magni.',1,1,'1989-01-16 05:58:05',NULL,NULL),(83,53,96,'Omnis necessitatibus sequi recusandae repudiandae. Possimus dolores alias voluptates corporis. Natus ut est qui minus ut et pariatur et. Dolorum velit deserunt dolorem ducimus.',1,0,'2017-04-05 11:39:49',NULL,NULL),(84,21,15,'Omnis unde veritatis provident qui. Quam sit at aliquam aliquam aut laborum eum recusandae. Consectetur vitae eos non omnis tempore asperiores ea. Distinctio harum voluptatem veritatis ut. Non provident est ut eos enim.',0,0,'2005-04-23 10:38:58',NULL,NULL),(85,14,23,'Commodi itaque possimus et eaque fuga. Totam dolores explicabo hic illo quaerat est earum eum.',1,1,'1991-04-07 20:35:54',NULL,NULL),(86,71,85,'Corrupti quidem et quaerat laboriosam. Possimus rerum voluptas sed quo rem. Velit autem quas adipisci dolor iste molestias. Aut nobis non dolorem est voluptate atque et.',0,1,'2015-09-12 12:50:00',NULL,NULL),(87,12,5,'Ipsam repudiandae voluptas dicta rerum. Sapiente officiis nam dolor laboriosam. Enim voluptatum necessitatibus illo dolore ab error.',1,0,'1997-03-26 03:10:49',NULL,NULL),(88,88,24,'Quae soluta dolorem est itaque ipsa modi qui. Qui ut dolor et nulla ipsam numquam. Delectus quia occaecati minus nihil ad. Et blanditiis perspiciatis velit.',1,0,'1974-07-19 15:49:55',NULL,NULL),(89,56,7,'Maiores suscipit deleniti ad nobis. Quae id praesentium hic modi omnis. Explicabo beatae molestiae minima voluptatibus.',0,0,'2018-02-23 07:27:53',NULL,NULL),(90,67,12,'Consequatur culpa numquam quisquam quis eos ex eum vero. Quam nisi ut praesentium veniam. Repellendus dolore veritatis aut nihil. Ad esse quia quasi amet.',0,0,'2003-11-15 06:54:46',NULL,NULL),(91,58,55,'Nulla corporis eius perspiciatis perferendis dolores mollitia harum. Quasi qui id voluptatem quibusdam. Maiores laboriosam sunt illo vel.',1,0,'1990-01-28 11:37:42',NULL,NULL),(92,100,34,'Dolorum impedit consequuntur dignissimos ut odit rerum consequuntur facere. Doloremque qui consequatur pariatur. Delectus iste tempora officia et doloribus consequatur inventore.',1,1,'2012-04-27 00:41:10',NULL,NULL),(93,72,55,'Nisi ut consequatur a eum expedita dolores. Saepe aut eum in rerum laborum optio. Qui ipsa ducimus nesciunt. Voluptas error perferendis soluta ea.',1,0,'1993-08-31 17:09:43',NULL,NULL),(94,57,22,'Unde reiciendis doloremque et eos eius magnam vel qui. Dolorum natus est sunt corporis maxime qui cum mollitia. Soluta ut ut ut quod soluta quia.',1,1,'2003-11-06 10:00:32',NULL,NULL),(95,39,26,'Aperiam quidem provident perferendis est error in sed optio. Et rerum nostrum est quisquam perferendis. Occaecati modi exercitationem iure fuga. Molestias inventore quaerat sapiente fugit.',1,0,'2017-12-22 11:12:08',NULL,NULL),(96,15,96,'Repellat optio non consequuntur. Repudiandae impedit aut officia neque aut.',1,0,'2005-10-26 06:48:15',NULL,NULL),(97,33,79,'Quod praesentium mollitia sit error in enim molestiae. Eius qui ipsum ea pariatur libero blanditiis ut. Architecto amet atque hic rerum. Vel et maiores repudiandae molestiae enim laborum iste esse.',1,0,'2009-05-30 22:45:09',NULL,NULL),(98,94,33,'Autem nulla eum corrupti inventore quia. Tempore sapiente tempora aut soluta. Fugit voluptate aliquid omnis perferendis qui nihil.',0,0,'1981-02-02 17:24:36',NULL,NULL),(99,82,9,'Sint officia unde similique voluptatem. Aliquam ut recusandae voluptatem. Magni nemo et est quia itaque rerum. Iste dolore error quia non vitae. Dolores consequatur asperiores odio ducimus est necessitatibus sapiente.',0,1,'1997-12-19 17:08:22',NULL,NULL),(100,1,77,'Eum et est quibusdam quibusdam omnis dicta. Non sunt velit est quia delectus. Voluptate molestiae qui voluptatem ea dolorem qui corporis quidem. Perferendis alias doloremque temporibus et cupiditate ea qui.',1,1,'1992-06-02 14:08:15',NULL,NULL);
/*!40000 ALTER TABLE `messages` ENABLE KEYS */;
UNLOCK TABLES;

--
-- Table structure for table `posts`
--

DROP TABLE IF EXISTS `posts`;
/*!40101 SET @saved_cs_client     = @@character_set_client */;
/*!50503 SET character_set_client = utf8mb4 */;
CREATE TABLE `posts` (
  `id` int unsigned NOT NULL AUTO_INCREMENT,
  `media_id` int unsigned DEFAULT NULL,
  `user_id` int unsigned NOT NULL,
  `head` varchar(255) CHARACTER SET utf8 COLLATE utf8_unicode_ci DEFAULT NULL,
  `body` mediumtext CHARACTER SET utf8 COLLATE utf8_unicode_ci,
  `created_at` datetime DEFAULT CURRENT_TIMESTAMP,
  `updated_at` datetime DEFAULT CURRENT_TIMESTAMP ON UPDATE CURRENT_TIMESTAMP,
  PRIMARY KEY (`id`)
) ENGINE=InnoDB AUTO_INCREMENT=101 DEFAULT CHARSET=utf8 COLLATE=utf8_unicode_ci;
/*!40101 SET character_set_client = @saved_cs_client */;

--
-- Dumping data for table `posts`
--

LOCK TABLES `posts` WRITE;
/*!40000 ALTER TABLE `posts` DISABLE KEYS */;
INSERT INTO `posts` VALUES (1,90,89,'enim','Fuga est voluptatem minima et perspiciatis nulla quo. Sint occaecati aut et accusantium aperiam non. Et nisi aliquid id praesentium.','2015-12-03 17:48:57','2010-07-01 19:15:02'),(2,72,10,'quos','Et quae rem delectus amet nesciunt possimus aspernatur. Mollitia neque voluptatem totam necessitatibus eos eum. Temporibus porro error numquam repellat molestiae voluptas aut labore.','2016-07-03 05:47:29','2010-09-04 16:46:00'),(3,63,11,'molestias','Voluptatum pariatur perferendis voluptatem optio alias voluptates officia. Corrupti voluptatem architecto eaque expedita tempore repellendus ratione et. Autem enim accusamus accusamus aspernatur qui odit. Aliquid praesentium est excepturi quos.','2018-06-09 08:39:44','2013-12-01 06:29:41'),(4,5,39,'odit','Rerum ut amet hic deleniti sint pariatur. Eum distinctio sed ea facilis nemo aut. Sint omnis necessitatibus consectetur.','2016-09-10 16:53:22','2014-11-29 15:11:59'),(5,25,6,'animi','Quos quas accusamus aut. Eius fuga voluptate et perferendis maxime.','2019-05-20 22:10:27','2013-09-24 22:06:03'),(6,29,81,'eaque','Animi ullam autem nam rerum quia provident. Occaecati error modi accusantium. Et voluptate laborum tempore molestias corrupti. Voluptatem et autem necessitatibus voluptatem.','2011-09-03 18:57:23','2015-05-10 16:23:48'),(7,8,21,'et','Nostrum autem animi odit odit et dolor consequuntur voluptate. Impedit ut hic soluta nulla maxime explicabo quasi. Quia quis vel quia tenetur.','2011-01-03 15:12:04','2010-04-26 12:44:22'),(8,6,82,'dolorem','Cumque omnis delectus non et id cum ad. Quaerat saepe vitae qui architecto ut. Est est aspernatur debitis rerum et. Dolor aut voluptas quia velit.','2014-04-16 19:16:56','2012-11-23 14:58:05'),(9,92,24,'repudiandae','Molestiae iusto nihil ut modi est voluptas. Odio dolorem quia omnis cumque. Enim eaque minus illo eaque qui.','2013-07-18 08:16:11','2013-12-22 05:23:29'),(10,36,86,'iure','Hic sit eum repellat. Nobis sed dolorum recusandae aut. Non vel soluta rerum fugit aut aut dolor.','2011-10-15 04:24:47','2012-09-05 19:46:07'),(11,96,11,'minima','Inventore perferendis architecto odio ea eligendi non in. Laboriosam pariatur delectus fuga tenetur amet minima velit. Debitis laborum est dolor occaecati veniam voluptatem et.','2017-09-29 11:33:01','2013-08-05 06:44:53'),(12,48,35,'ea','Eos quae recusandae voluptate esse quia. Nostrum atque aliquid nostrum dolor voluptas. Quisquam qui modi nihil at placeat et reiciendis. Tenetur hic veniam reprehenderit consectetur rerum qui.','2010-08-14 04:40:10','2015-09-05 01:46:16'),(13,33,59,'repellendus','Nam sint enim molestiae dolor nulla. Dolorem nihil nihil quo aut velit sed quae. Qui aperiam cupiditate soluta temporibus at.','2014-04-21 14:02:54','2010-08-31 00:24:08'),(14,64,14,'et','Ut at ullam et pariatur numquam sint et quia. Fuga corrupti facere modi ut. Sed est rerum voluptate dolorem. Dolorem ut unde distinctio ullam voluptatem quae et.','2016-01-18 18:57:48','2019-09-22 21:58:30'),(15,85,74,'aliquid','Enim necessitatibus laudantium aliquam. Eum eos illum in aut nobis. Architecto recusandae dolor mollitia voluptatem nam. Deleniti ut voluptas sed dolorum est occaecati inventore. Consequatur harum error eos.','2010-08-31 05:31:16','2011-04-25 22:47:28'),(16,58,21,'aut','Quis qui aut corrupti inventore nemo. Sint iste est aut nam magni hic. Necessitatibus sunt ad nihil molestiae fugiat. Sit quam dolor optio id dolorem quis.','2012-06-12 11:20:16','2015-02-13 16:26:36'),(17,47,17,'laboriosam','Optio tempore consequatur est ut est. Exercitationem dolores et dolore.','2012-05-21 18:17:14','2010-11-06 21:50:50'),(18,21,39,'mollitia','Et saepe soluta ullam saepe temporibus. Ratione eligendi quibusdam laborum delectus enim beatae hic. Omnis perferendis velit ut ut sed.','2017-08-25 21:58:58','2011-12-03 00:04:44'),(19,45,68,'rem','Doloribus ratione sint sunt tenetur nemo. Praesentium ipsam et quam ut qui molestiae. Voluptate ea consequatur ut delectus maxime asperiores possimus. Voluptatibus aliquid et quidem et facere rerum repellat.','2010-03-07 01:26:08','2013-03-04 14:52:55'),(20,85,56,'ut','Consequatur minus itaque ut est necessitatibus perspiciatis ducimus. Est voluptatum rerum vel neque.','2011-03-22 07:44:01','2010-06-29 06:46:34'),(21,30,86,'doloremque','Quae minima earum adipisci ut et et. Ab voluptas eligendi et asperiores beatae fugiat ut. Aut quasi quaerat et nisi nam. Perferendis autem totam sunt voluptate animi.','2014-11-05 09:26:09','2010-11-05 01:02:12'),(22,32,25,'nobis','Nostrum quae earum aut dolor. Amet qui cupiditate rerum quae aut. Ut officia incidunt aliquam. Ab sed soluta velit vero mollitia possimus odio facere.','2011-11-08 05:20:23','2017-09-20 21:16:30'),(23,77,58,'cumque','Inventore et ea deleniti ut quia. Et cum dolorum quidem. Qui veniam debitis aut asperiores et.','2011-03-26 17:06:35','2010-12-08 12:00:03'),(24,78,22,'nihil','Fuga molestias amet explicabo non est atque sit. Perferendis repudiandae expedita eveniet. Et odio velit odit eum deleniti sint soluta. Commodi qui soluta sapiente optio aut.','2011-05-03 12:00:15','2018-11-11 15:47:21'),(25,58,65,'reprehenderit','Sed dolorum quia cumque exercitationem qui optio. Itaque est et omnis voluptas. Quo molestias soluta quia quam ratione sint quas quia.','2013-02-04 05:47:58','2012-01-21 23:22:54'),(26,47,73,'rerum','Illum dolor quis itaque minus atque quod. Facilis fugit maxime architecto veniam sint ratione. Ducimus hic rem maiores ullam et. Rerum vitae perspiciatis velit.','2014-12-25 21:13:49','2011-04-17 21:41:33'),(27,90,18,'recusandae','Iste voluptates qui libero dolor aut. Aliquid quo voluptatem adipisci rerum. Numquam quis quo illum consequatur et fuga.','2019-06-13 18:57:21','2014-10-25 11:39:58'),(28,19,64,'magni','Voluptatem laborum ut eos et voluptatem. Fuga aut veniam et at expedita voluptate doloribus. Sit velit libero rerum veniam animi ut odio.','2012-11-08 22:54:02','2015-09-12 04:44:11'),(29,89,4,'velit','Quo molestiae beatae voluptas nisi. Culpa quae accusantium veritatis accusantium ea sit. Aut unde molestiae qui pariatur quo aut. Voluptatibus adipisci quia provident doloribus.','2018-06-02 03:05:40','2016-02-21 20:56:45'),(30,36,27,'eum','Odio et officiis aliquam et. Deserunt est eos culpa qui. Qui a dolorem dolorem dignissimos veritatis blanditiis voluptas deserunt. Ducimus ut rerum nulla dolores sunt velit iusto aperiam.','2012-10-12 10:58:05','2014-05-20 14:36:50'),(31,73,62,'quaerat','Molestias ab saepe repudiandae modi ut commodi in. Ab doloribus et sunt voluptas ex. Reprehenderit qui aspernatur quia.','2017-02-15 11:04:29','2015-04-21 02:29:48'),(32,8,15,'in','Vero harum omnis fugit eos. Quia blanditiis incidunt culpa accusantium quae impedit odit. Architecto quasi delectus quasi exercitationem. Hic error incidunt ut.','2013-02-06 14:57:00','2016-04-13 15:48:30'),(33,68,6,'fuga','Voluptas ut quo ea aut nulla rem est. Et est nisi cumque aut ea ex esse dolor. Nihil quo maxime sed neque pariatur.','2014-09-30 04:14:02','2015-03-06 08:25:05'),(34,35,88,'quia','Et soluta saepe recusandae aspernatur placeat. Dolor ullam blanditiis sit atque facere ratione rerum. Eum numquam velit in voluptatem optio cupiditate culpa. Reiciendis quia sit tempora ut ut qui omnis incidunt. Est perferendis sed animi qui accusantium nemo.','2017-03-09 09:26:16','2010-05-27 20:22:15'),(35,37,79,'labore','Alias est provident ut molestiae. Ducimus corrupti est enim quidem commodi. Ut quae modi ut. Omnis nisi quia ea alias cupiditate.','2016-11-06 05:20:43','2014-02-25 13:00:43'),(36,25,21,'optio','Consequatur in voluptatum voluptate consectetur beatae voluptatem iste. Eos aut sunt molestiae quis. Tempora reprehenderit non voluptas a. Odit eos fugiat explicabo fuga et accusamus totam vel.','2012-12-18 01:46:58','2015-02-20 17:21:04'),(37,7,2,'dolor','Veritatis iure in et quo neque doloribus excepturi. Doloribus ex esse est. Omnis ipsa veritatis quas.','2014-04-19 02:35:04','2016-06-13 02:58:56'),(38,33,4,'aut','Aut ex dolorem repellat. Sint ratione enim earum sed eum quaerat. Dolorem pariatur sint eos sunt voluptatem aut. Ad corporis quae labore quia et magnam fugiat.','2013-01-25 22:41:19','2014-05-05 17:29:52'),(39,71,92,'non','Vitae voluptas distinctio quis earum distinctio sequi dolore autem. In distinctio sit aut et. Odit optio minus animi aspernatur magnam voluptas sint.','2012-06-11 16:29:26','2015-01-17 13:06:13'),(40,11,47,'pariatur','Rerum sint nostrum quia nostrum sunt asperiores. Similique qui voluptates iusto nesciunt excepturi qui deleniti. Commodi facere quasi sit ab. Et quia quas est velit deserunt voluptatem sed.','2015-10-29 05:34:41','2016-02-02 05:37:57'),(41,50,85,'consectetur','Fugiat error sapiente autem aliquid. Maiores rerum consectetur magni sunt. Voluptatem in sequi vitae repellendus quae quos.','2014-11-23 19:15:57','2010-09-18 06:16:25'),(42,21,85,'enim','Quasi consequatur deserunt et aut velit occaecati. Omnis et vitae voluptatem repudiandae fugiat. Ratione rerum et itaque et. Eveniet alias consequatur sapiente qui ea natus non nam.','2018-12-04 05:48:25','2010-03-26 01:32:39'),(43,7,50,'occaecati','Cum animi qui sunt tempore consequuntur. Nam dolor sapiente aut ipsam. Libero sit sint corrupti earum quod. Asperiores autem nihil non iure consequatur et facere.','2017-01-22 05:02:43','2020-01-07 05:11:03'),(44,24,4,'eligendi','Suscipit quis id assumenda voluptas. Quo molestiae laborum nulla illo. In quas nihil ut corporis eos odio.','2013-04-19 05:54:16','2012-09-29 23:01:43'),(45,15,38,'quo','Qui consequuntur similique qui sed voluptas ab. Sit consectetur quod asperiores consequatur sit hic modi. Cum ipsa ab dolor iusto labore.','2017-09-15 23:47:54','2010-05-17 05:48:00'),(46,84,75,'officiis','Commodi ex similique accusamus dolores nesciunt aliquam voluptatum. Laboriosam tempora sapiente blanditiis.','2018-04-01 04:12:52','2011-12-14 11:27:46'),(47,70,84,'inventore','Et distinctio et expedita officia. Culpa veritatis officiis iusto doloremque adipisci aliquam doloribus. Quae sunt autem vitae incidunt autem mollitia. Quo qui incidunt blanditiis occaecati. Itaque doloremque laboriosam vel aut animi hic expedita.','2013-02-15 14:19:10','2018-10-25 19:58:56'),(48,13,96,'voluptas','Quaerat enim soluta amet facere id. Repellendus reprehenderit reprehenderit omnis ut quia. Alias doloribus explicabo sunt voluptatibus nihil blanditiis ipsam. Iste et officiis ipsa nulla perspiciatis error. Dolores odit eum non odit ipsam et.','2014-06-21 00:17:01','2010-06-22 02:00:01'),(49,94,68,'labore','Laudantium autem cum consequatur impedit dolor ipsum est. Qui debitis voluptates deserunt pariatur libero aliquid. Quo qui sit commodi et qui qui aut. Id possimus odio molestiae quia.','2017-12-29 17:23:48','2015-05-20 13:31:12'),(50,73,65,'vel','Nisi ipsam ad eaque sint id dolores consequatur. Odit velit tempore nemo molestias molestiae rerum minus. Veniam omnis nostrum suscipit ipsa facilis deserunt nisi. Harum veritatis sint voluptatibus at similique repellendus.','2012-06-14 01:47:52','2019-11-08 07:42:15'),(51,55,74,'aliquam','Sit ullam non officia libero eum eum nostrum. Non suscipit consequuntur adipisci. Est exercitationem consequatur qui architecto aut. Voluptatibus animi recusandae enim aperiam dolor dolorem.','2013-02-28 16:01:30','2012-04-14 11:04:11'),(52,8,89,'labore','Nobis qui officiis voluptate et voluptas eos beatae omnis. Molestiae perspiciatis est eveniet ipsa suscipit a blanditiis. Maiores architecto unde quis et.','2016-12-31 02:41:17','2012-02-20 03:43:22'),(53,38,38,'quo','Quisquam sit aut sint asperiores vitae unde nisi. Aperiam deserunt facere et voluptas repudiandae. A accusantium qui non quaerat ut occaecati. Qui sed officiis sed ab nihil odit ipsa. Cum est odit officia deleniti cum.','2010-04-07 04:13:21','2017-11-27 08:33:12'),(54,53,53,'sint','Aperiam culpa ducimus ex laudantium delectus temporibus dolores. Qui qui porro commodi animi quia. Quasi repellat voluptatem consequatur possimus hic dolorem.','2014-01-08 21:13:56','2017-10-27 04:26:22'),(55,5,42,'sapiente','Impedit optio a nostrum accusamus est. Odio nihil minus iste architecto rerum nostrum. Qui ea quos sapiente impedit iste sint aut sit. Perspiciatis magni sapiente voluptatem labore molestias ea.','2011-02-17 13:21:32','2019-11-25 04:06:44'),(56,28,54,'praesentium','Aperiam consequatur quia ut quas. Dolores tempora est voluptatibus magnam quis esse et. Nisi culpa non officia amet in animi.','2019-09-05 16:20:50','2010-08-01 01:26:49'),(57,32,99,'ut','Doloribus voluptate omnis in quia quis nesciunt eaque. Ipsum nulla at sint eos. Provident molestiae non a quaerat velit ipsum qui. Et molestias minus hic non ut.','2013-10-01 08:54:07','2014-03-20 17:18:15'),(58,83,82,'in','Totam sed dolorem sint est in blanditiis. Repellendus quod dolores ducimus occaecati. Porro amet quaerat repellendus.','2013-12-31 21:01:21','2018-06-18 13:22:31'),(59,5,73,'officiis','Inventore occaecati rerum et quos rem. Eum illo veritatis quos rerum repellat iusto ut non. Reiciendis aut sint qui qui labore consequatur.','2019-06-19 12:05:37','2015-08-12 03:15:38'),(60,55,62,'harum','Sequi rem voluptatibus dolorem rerum iure quia ex culpa. Eaque dicta nihil corrupti natus. Nihil nulla maiores id perferendis ipsum quae et perspiciatis.','2011-07-05 23:56:48','2011-04-24 01:52:33'),(61,61,62,'vel','Ducimus aspernatur ea minus maxime. Repudiandae et et ut magni totam. Fugiat dolore minima aut aliquid nisi voluptates.','2015-03-09 03:41:00','2019-05-21 06:19:19'),(62,95,53,'dicta','Repellat dolores voluptatem provident rerum aliquid nulla labore. Inventore pariatur veritatis reiciendis eius rem possimus. Dolorum numquam velit consequatur vel minima nihil corporis.','2019-12-11 07:26:12','2011-10-10 16:32:58'),(63,35,43,'ullam','Officiis accusantium sint eos nemo ullam. Exercitationem velit assumenda laboriosam velit rerum nostrum. Voluptatum et dolorem quidem numquam dolore sequi expedita. Vel natus similique non esse porro labore vel.','2016-10-15 12:38:17','2015-11-16 08:53:20'),(64,59,30,'eos','Voluptatum quisquam architecto et. Tempore ipsum dolorem qui architecto autem in sunt. Officia corrupti id ut est dignissimos exercitationem.','2012-06-05 23:37:17','2016-10-31 01:28:10'),(65,1,93,'id','Culpa qui reprehenderit velit et. Ea possimus non quo rem illum tempore. Nihil rem quia officiis velit ullam enim et.','2012-04-07 04:43:32','2013-05-25 08:37:57'),(66,93,12,'odio','Modi enim quam beatae aperiam et ut voluptas. Totam repudiandae quia a officiis commodi rerum. Aliquid aut et ut dicta. Eos tempore corrupti at excepturi cum sequi similique.','2010-04-12 03:08:35','2010-03-10 13:02:17'),(67,68,75,'iure','Corporis error consequatur et. Enim tempora velit est quo at nihil.','2010-03-01 16:09:47','2017-09-28 03:29:20'),(68,88,79,'minus','Maiores a debitis ut et fugit delectus velit magni. Necessitatibus quos earum id ut. Unde non ducimus aliquam optio sunt.','2017-01-30 04:02:53','2012-09-14 18:50:08'),(69,36,64,'voluptatem','Quis quisquam reiciendis beatae quibusdam ducimus cumque. Libero voluptatem et non voluptatem quis vel dignissimos. Rerum dolores eos sed cum sint et voluptatibus. Libero porro nihil iusto maxime deleniti numquam.','2016-03-22 22:47:41','2013-05-29 08:39:49'),(70,50,6,'voluptates','Consectetur qui et facilis aspernatur commodi. Ullam vel non eos. Veritatis voluptates incidunt enim ratione nemo accusantium perferendis. Maiores qui id eum ex fugit reprehenderit quam.','2020-01-20 01:57:49','2012-04-26 03:27:07'),(71,16,45,'hic','Ut distinctio beatae enim odit dolorum corporis officia molestiae. Consequatur quod ut ducimus ut quis aperiam. Asperiores minus qui ut alias unde soluta. Sed possimus dolorem dignissimos atque officiis qui et.','2018-05-01 15:12:25','2014-01-08 14:24:42'),(72,50,69,'fugit','Earum pariatur excepturi consequatur officia nostrum sed. Occaecati enim veritatis illo consequuntur voluptas. Dolor ea omnis exercitationem laudantium quo. Officiis ut eos quas commodi.','2016-03-02 03:15:41','2012-02-15 05:47:55'),(73,96,22,'molestiae','Vero est est dignissimos culpa et molestias explicabo. Reiciendis asperiores aut numquam eos repellendus. Sit ipsa ad aliquid odio debitis fuga et.','2010-11-20 04:38:02','2013-10-25 21:20:32'),(74,47,25,'enim','Eos ad suscipit et temporibus eaque quo accusantium dolores. Aperiam eum et numquam doloremque. Dicta aperiam ipsum illo ea voluptatum. Reiciendis ducimus sunt magnam numquam delectus minima maxime et.','2017-10-29 01:04:41','2013-06-13 03:49:12'),(75,74,39,'praesentium','Dolores nesciunt asperiores cupiditate ea excepturi molestiae. Et aut tempore libero odit ducimus. Magnam minima ipsam eveniet iure temporibus impedit ea.','2014-02-28 15:50:27','2019-12-17 07:57:17'),(76,71,65,'ea','Quae rerum in atque corrupti omnis dolores et. Vel est magni et consequatur magni repellat nisi nesciunt. Qui distinctio mollitia molestias rerum nihil quis.','2017-03-19 05:38:46','2011-04-19 23:57:20'),(77,8,55,'laborum','Sit sed voluptatem est aliquam consequatur perspiciatis. Delectus vel sequi natus distinctio labore at. Fugiat fugiat praesentium velit qui.','2010-09-22 07:02:49','2010-05-02 14:11:52'),(78,33,85,'quia','Quia veniam sint dolor soluta sed non nam tempore. Et aut esse in voluptate est occaecati ut. Sint repellat non cumque. Saepe atque dolor quae quia error.','2012-05-05 07:54:28','2010-08-18 03:36:57'),(79,7,24,'nihil','Dignissimos magni rem illo sunt cum culpa voluptatibus. Eos adipisci aperiam a in voluptatem consequatur consequatur facilis. Asperiores est voluptate enim optio cum id est assumenda. Sequi enim consequatur harum veniam. Sint pariatur doloremque perferendis neque veritatis sint.','2011-09-26 16:07:47','2016-09-13 03:15:29'),(80,37,79,'earum','Vel occaecati dolor aut consequatur. Eaque ipsum harum ex aut corrupti earum iusto. Laudantium totam sint quaerat qui voluptas. Asperiores quo et debitis.','2011-07-17 06:50:40','2014-07-13 03:55:32'),(81,8,13,'commodi','Magnam impedit iusto minus ipsum aspernatur et et. Debitis iusto voluptatibus qui ea ut. Ex officiis fugiat accusantium officiis expedita ea nesciunt possimus. Magnam aut pariatur non cum nesciunt amet.','2015-07-29 20:51:15','2015-07-26 11:20:33'),(82,16,61,'ea','Qui commodi eius libero est omnis. Nihil in qui ad voluptas voluptatem similique et. Praesentium nisi fugiat eum veniam totam.','2011-08-07 15:36:37','2019-04-29 17:57:06'),(83,62,81,'illum','Distinctio vero dicta labore consequuntur molestiae voluptatem. Voluptatibus nostrum minus non nihil ad et. Non iste voluptas in alias. Quae et soluta veniam delectus.','2016-05-02 14:33:52','2013-08-14 20:41:49'),(84,4,81,'hic','Illum ut quam possimus non consequatur tempore. Quo rem corrupti et aut temporibus sed velit. Libero explicabo consequatur sunt sed.','2014-07-09 06:10:22','2013-02-23 08:47:26'),(85,31,77,'illum','Aut recusandae at eos. Sed et porro voluptas nisi et quo voluptatem. Nisi qui ea eius at voluptatibus et. Incidunt assumenda asperiores vitae impedit dignissimos consequatur recusandae.','2015-07-07 01:33:51','2015-08-20 13:57:25'),(86,75,47,'placeat','Dolorem quasi fuga repellat facere quasi. Natus nostrum eius hic rerum. Blanditiis autem necessitatibus voluptatum assumenda alias officiis quibusdam.','2017-09-09 10:06:06','2018-08-29 06:54:01'),(87,96,99,'beatae','Hic incidunt ex inventore ipsam aut voluptas. Iure non quis vel quis quis. Veniam quia accusamus asperiores vel aspernatur hic rerum.','2010-05-18 21:34:59','2010-12-17 11:55:46'),(88,35,60,'numquam','Rerum accusantium laudantium qui accusamus sed placeat. Consequatur deleniti repellat debitis quia consequatur iure.','2017-07-09 22:43:21','2012-02-27 18:08:13'),(89,97,90,'eos','At ducimus quibusdam tempora dolor quos illo suscipit. Odio aut architecto repellendus. Suscipit ut ab qui commodi assumenda.','2013-01-17 12:16:06','2013-06-21 14:30:43'),(90,10,48,'quaerat','Explicabo quos hic vel et. Voluptatem rerum et quis omnis voluptatem consequuntur et. Sit tempore consequatur sit occaecati. Et illum alias pariatur dolores.','2013-08-26 03:02:17','2017-11-19 10:42:14'),(91,76,9,'nesciunt','Beatae voluptas voluptates corporis ratione. Rem vel eos et voluptatibus. A omnis beatae suscipit est vitae hic explicabo deserunt. Eius id repudiandae consequuntur pariatur labore odit totam.','2014-01-18 00:03:11','2017-03-23 09:32:47'),(92,14,26,'autem','Rerum et quasi at eos. Amet hic non facere maiores voluptates vel in architecto. Explicabo animi quis recusandae earum eligendi nam. Aut non ipsum autem fuga deserunt voluptatem quis.','2019-06-25 04:29:30','2011-11-14 15:49:18'),(93,55,43,'ratione','Facere expedita soluta neque deleniti veritatis. Reiciendis quia error iusto et exercitationem eaque. Rem id sint eos assumenda eveniet sunt. Fuga omnis numquam corporis enim in quis. Non eligendi et molestias sequi inventore sunt maxime.','2018-11-26 13:17:37','2017-02-15 02:25:58'),(94,1,43,'consequuntur','Dolorum quia non velit voluptatem sapiente earum. Expedita eos tempora ex itaque recusandae quaerat quod vel. Minus quam et omnis et. Sint quia laudantium et quis qui veniam pariatur rem.','2011-09-15 22:03:35','2017-04-02 23:35:03'),(95,24,40,'nemo','Voluptatum saepe facere corporis deserunt ipsum quidem. Cumque occaecati rerum dolores quam. Iusto nihil doloribus veniam nostrum amet qui deleniti.','2012-05-30 22:51:50','2011-05-10 16:15:47'),(96,4,72,'quaerat','Ut inventore quis amet molestiae velit. Officia et illum quis. Et placeat in eos voluptatem sed voluptates. Ducimus repudiandae consequatur et. Voluptatem est laudantium blanditiis nesciunt.','2017-04-10 01:55:49','2013-02-27 11:36:22'),(97,95,65,'optio','Et excepturi aspernatur sed accusantium sit repellendus. Facilis et libero dolore enim ut perspiciatis. Et et praesentium labore rerum autem odio ratione. Reiciendis inventore velit nobis officia quia assumenda.','2013-11-19 10:10:33','2010-11-05 17:47:39'),(98,42,49,'sint','Modi impedit exercitationem perspiciatis reprehenderit soluta illum. Omnis veniam in dolores omnis consequuntur quaerat. Cumque odit ab tempore culpa modi quisquam et. In rem autem aut dignissimos.','2012-04-01 03:48:20','2015-05-20 22:25:58'),(99,8,15,'blanditiis','Ab iste quasi repellat placeat nihil sint sint. Aut eos laboriosam aliquid et possimus at vero numquam. Ad quam dolor voluptatibus inventore quo. Consequuntur velit sit ut voluptatem.','2012-01-01 18:58:24','2014-11-22 09:15:09'),(100,91,100,'est','Accusantium dolore aut maiores qui voluptatum beatae deserunt sed. Unde porro at vitae culpa nam et provident. Molestiae reiciendis facere rerum sapiente.','2013-09-17 14:39:30','2017-10-30 21:46:44');
/*!40000 ALTER TABLE `posts` ENABLE KEYS */;
UNLOCK TABLES;

--
-- Table structure for table `profiles`
--

DROP TABLE IF EXISTS `profiles`;
/*!40101 SET @saved_cs_client     = @@character_set_client */;
/*!50503 SET character_set_client = utf8mb4 */;
CREATE TABLE `profiles` (
  `user_id` int unsigned NOT NULL,
  `gender` char(1) CHARACTER SET utf8 COLLATE utf8_unicode_ci NOT NULL,
  `birthday` date DEFAULT NULL,
  `city` varchar(100) CHARACTER SET utf8 COLLATE utf8_unicode_ci DEFAULT NULL,
  `country` varchar(100) CHARACTER SET utf8 COLLATE utf8_unicode_ci DEFAULT NULL,
  `photo_id` int DEFAULT NULL,
  `status_message` varchar(255) COLLATE utf8_unicode_ci DEFAULT NULL,
  `created_at` datetime DEFAULT CURRENT_TIMESTAMP,
  `updated_at` datetime DEFAULT CURRENT_TIMESTAMP ON UPDATE CURRENT_TIMESTAMP
) ENGINE=InnoDB DEFAULT CHARSET=utf8 COLLATE=utf8_unicode_ci;
/*!40101 SET character_set_client = @saved_cs_client */;

--
-- Dumping data for table `profiles`
--

LOCK TABLES `profiles` WRITE;
/*!40000 ALTER TABLE `profiles` DISABLE KEYS */;
INSERT INTO `profiles` VALUES (1,'m','2019-09-12','Maymieside','Burkina Faso',71,NULL,'2002-08-14 23:53:59','2020-02-29 00:09:43'),(2,'f','1986-12-18','Hettingerfurt','Moldova',26,NULL,'2008-10-08 05:18:20','2020-02-29 00:09:43'),(3,'f','1983-05-18','Ardenhaven','Romania',68,NULL,'1997-05-15 19:09:34','2020-02-29 00:09:43'),(4,'f','2000-09-26','North Orrin','Taiwan',34,NULL,'1999-09-30 09:46:21','2020-02-29 00:09:43'),(5,'f','2013-01-06','South Louvenia','Falkland Islands (Malvinas)',74,NULL,'2009-02-06 01:22:32','2020-02-29 00:09:43'),(6,'f','1973-01-03','Huelstown','Luxembourg',29,NULL,'1988-12-02 18:00:25','2020-02-29 00:09:43'),(7,'f','2001-10-29','Vernafort','Kazakhstan',34,NULL,'1990-04-20 22:26:13','2020-02-29 00:09:43'),(8,'m','2018-10-07','Gorczanyborough','Gambia',53,NULL,'1970-01-20 10:12:57','2020-02-29 00:09:43'),(9,'m','1985-08-18','West Odessa','Marshall Islands',54,NULL,'1986-12-23 04:56:38','2020-02-29 00:09:43'),(10,'f','2019-05-19','Skilesshire','Canada',77,NULL,'1998-10-20 22:37:58','2020-02-29 00:09:43'),(11,'f','1971-10-26','South Jay','Saint Martin',5,NULL,'2016-10-07 21:36:33','2020-02-29 00:09:43'),(12,'f','2017-10-27','Hansenville','Angola',32,NULL,'2017-12-11 17:32:12','2020-02-29 00:09:43'),(13,'m','1976-07-25','West Catharineberg','China',16,NULL,'1987-09-27 08:35:14','2020-02-29 00:09:43'),(14,'f','1986-01-03','Jocelynton','Haiti',76,NULL,'1976-12-12 04:05:23','2020-02-29 00:09:43'),(15,'m','2009-09-06','Aidanmouth','Netherlands',28,NULL,'2019-08-03 22:36:13','2020-02-29 00:09:43'),(16,'m','1991-08-25','South Travisfurt','Singapore',22,NULL,'2018-08-04 19:06:52','2020-02-29 00:09:43'),(17,'m','1996-05-11','Agustinville','Syrian Arab Republic',33,NULL,'2008-08-20 22:18:25','2020-02-29 00:09:43'),(18,'m','1991-07-13','New Dedricktown','Botswana',51,NULL,'1971-10-18 14:23:15','2020-02-29 00:09:43'),(19,'f','1990-05-09','Wintheisertown','Grenada',55,NULL,'1995-11-19 11:09:28','2020-02-29 00:09:43'),(20,'f','1977-08-18','Johnschester','Guernsey',72,NULL,'2010-07-08 13:50:19','2020-02-29 00:09:43'),(21,'f','1988-07-06','Weimannchester','Sierra Leone',61,NULL,'2014-11-20 03:00:28','2020-02-29 00:09:43'),(22,'f','1981-01-08','Lake Cecilmouth','Hungary',82,NULL,'1987-07-21 23:01:55','2020-02-29 00:09:43'),(23,'m','1993-01-22','Rolfsonside','Korea',12,NULL,'2015-08-01 03:38:13','2020-02-29 00:09:43'),(24,'f','2016-04-20','Tomside','Botswana',49,NULL,'1987-08-28 10:12:23','2020-02-29 00:09:43'),(25,'f','1990-03-15','Kshlerinfurt','Namibia',52,NULL,'2019-03-22 13:04:41','2020-02-29 00:09:43'),(26,'m','2003-02-09','West Elmerhaven','Marshall Islands',28,NULL,'1989-12-12 16:33:28','2020-02-29 00:09:43'),(27,'m','1984-06-13','New Lesly','Paraguay',81,NULL,'1990-02-27 21:16:48','2020-02-29 00:09:43'),(28,'f','1970-01-23','Goodwinport','Singapore',53,NULL,'1971-04-23 10:07:37','2020-02-29 00:09:43'),(29,'m','1976-07-19','New Ambrose','Portugal',67,NULL,'2015-12-20 23:12:05','2020-02-29 00:09:43'),(30,'f','2007-06-22','Port Lexie','Heard Island and McDonald Islands',54,NULL,'1970-02-27 08:27:46','2020-02-29 00:09:43'),(31,'f','1978-03-09','Brandiside','British Virgin Islands',4,NULL,'2019-12-20 13:36:50','2020-02-29 00:09:43'),(32,'m','1994-03-14','Abshiremouth','Uruguay',71,NULL,'1992-05-29 01:42:31','2020-02-29 00:09:43'),(33,'f','1990-09-17','Gregorioside','Slovenia',52,NULL,'2011-05-17 18:43:56','2020-02-29 00:09:43'),(34,'m','1975-12-21','Ashatown','Sri Lanka',98,NULL,'2000-04-03 02:55:19','2020-02-29 00:09:43'),(35,'f','1983-08-02','Eichmannfort','Canada',22,NULL,'1998-08-29 10:55:06','2020-02-29 00:09:43'),(36,'m','2005-12-04','Thoramouth','Pakistan',16,NULL,'1979-11-05 16:44:41','2020-02-29 00:09:43'),(37,'m','2002-10-29','Considinemouth','San Marino',17,NULL,'1989-04-08 13:45:38','2020-02-29 00:09:43'),(38,'f','1993-09-02','Lake Hayleeburgh','Wallis and Futuna',75,NULL,'2002-11-14 15:48:29','2020-02-29 00:09:43'),(39,'m','2009-12-11','Stevefurt','Svalbard & Jan Mayen Islands',90,NULL,'1980-04-28 20:41:54','2020-02-29 00:09:43'),(40,'f','1980-08-14','South Cristobalton','Belarus',26,NULL,'2008-06-19 21:09:05','2020-02-29 00:09:43'),(41,'f','1988-05-02','Lake Heavenberg','Armenia',69,NULL,'2017-02-12 22:21:21','2020-02-29 00:09:43'),(42,'m','1996-08-24','Maudside','Niue',51,NULL,'1979-01-26 23:31:07','2020-02-29 00:09:43'),(43,'m','1980-06-27','Labadieport','Monaco',51,NULL,'1983-08-04 05:18:45','2020-02-29 00:09:43'),(44,'m','1996-12-02','North Enidstad','Reunion',32,NULL,'1999-04-18 15:45:27','2020-02-29 00:09:43'),(45,'m','2007-03-23','Nedbury','Algeria',48,NULL,'2018-03-21 09:48:47','2020-02-29 00:09:43'),(46,'m','1993-05-07','New Merl','Oman',59,NULL,'2019-09-27 20:21:20','2020-02-29 00:09:43'),(47,'m','1989-07-08','New Maximeland','Grenada',65,NULL,'2019-08-05 19:46:34','2020-02-29 00:09:43'),(48,'f','2009-10-01','Sistertown','Algeria',15,NULL,'2005-10-06 16:48:30','2020-02-29 00:09:43'),(49,'m','1983-05-19','Stacyhaven','Malaysia',25,NULL,'1984-07-09 05:13:20','2020-02-29 00:09:43'),(50,'m','2016-07-22','Kubside','Nauru',5,NULL,'2011-10-11 22:32:27','2020-02-29 00:09:43'),(51,'f','1973-09-18','Lake Kamren','Moldova',99,NULL,'2012-10-03 15:54:54','2020-02-29 00:09:43'),(52,'f','1975-06-06','Port Blanchetown','Finland',24,NULL,'1970-12-09 04:12:15','2020-02-29 00:09:43'),(53,'f','2004-05-30','East Dawson','Hungary',28,NULL,'1998-04-18 04:02:34','2020-02-29 00:09:43'),(54,'f','2015-02-01','West Dejonside','Cyprus',11,NULL,'2000-07-04 09:09:24','2020-02-29 00:09:43'),(55,'f','1996-06-15','South Earlmouth','Israel',55,NULL,'1982-12-24 09:55:05','2020-02-29 00:09:43'),(56,'m','1978-11-21','Estefaniaport','Tanzania',93,NULL,'1993-04-30 14:56:30','2020-02-29 00:09:43'),(57,'m','1994-05-01','East Vicentaberg','Bosnia and Herzegovina',45,NULL,'1971-05-31 23:14:07','2020-02-29 00:09:43'),(58,'f','1988-03-31','Erickafort','Czech Republic',45,NULL,'1975-08-11 06:26:47','2020-02-29 00:09:43'),(59,'f','2005-02-09','Bettyville','Uganda',13,NULL,'2005-10-09 06:27:13','2020-02-29 00:09:43'),(60,'m','2016-03-05','Port Callieberg','Trinidad and Tobago',9,NULL,'1997-03-19 17:57:30','2020-02-29 00:09:43'),(61,'m','1970-11-30','Port Una','Sierra Leone',47,NULL,'2011-02-10 02:04:47','2020-02-29 00:09:43'),(62,'f','1972-04-21','South Catharine','Romania',87,NULL,'1999-10-09 03:19:10','2020-02-29 00:09:43'),(63,'m','1989-12-24','Lamontburgh','Croatia',89,NULL,'2010-01-03 02:02:21','2020-02-29 00:09:43'),(64,'m','1990-05-15','New Brandy','Czech Republic',22,NULL,'2010-04-13 23:12:04','2020-02-29 00:09:43'),(65,'m','1974-08-21','Rodriguezport','Burkina Faso',60,NULL,'1997-11-07 05:07:24','2020-02-29 00:09:43'),(66,'f','1990-10-21','Labadiehaven','Tajikistan',6,NULL,'2020-02-18 22:24:15','2020-02-29 00:09:43'),(67,'f','2019-12-23','Lake Jettberg','Tanzania',92,NULL,'1977-12-28 23:39:07','2020-02-29 00:09:43'),(68,'f','1984-09-01','Ryanview','Wallis and Futuna',54,NULL,'1979-07-22 20:26:17','2020-02-29 00:09:43'),(69,'m','1978-08-05','West Cordie','Germany',35,NULL,'2014-06-27 00:11:04','2020-02-29 00:09:43'),(70,'m','1981-03-19','North Reina','France',54,NULL,'1994-03-03 03:10:22','2020-02-29 00:09:43'),(71,'m','1989-06-23','Halvorsonton','Turks and Caicos Islands',93,NULL,'1981-12-23 06:22:27','2020-02-29 00:09:43'),(72,'m','2002-06-26','Sengerton','Greenland',69,NULL,'1998-08-21 18:29:55','2020-02-29 00:09:43'),(73,'f','1999-11-22','Carlitown','Sao Tome and Principe',81,NULL,'1999-12-11 18:32:40','2020-02-29 00:09:43'),(74,'f','1971-10-27','Goldashire','Holy See (Vatican City State)',2,NULL,'1983-07-21 16:23:32','2020-02-29 00:09:43'),(75,'m','1995-01-22','West Kelsie','New Caledonia',75,NULL,'1993-09-24 06:25:37','2020-02-29 00:09:43'),(76,'m','1998-11-08','South Jerelland','Kuwait',56,NULL,'2003-01-29 15:28:25','2020-02-29 00:09:43'),(77,'f','2015-07-05','West Minerva','Oman',79,NULL,'2016-05-16 23:19:27','2020-02-29 00:09:43'),(78,'m','1977-12-22','West Elva','Qatar',32,NULL,'1993-07-21 12:08:17','2020-02-29 00:09:43'),(79,'m','1984-10-27','West Cordelia','Lithuania',36,NULL,'2005-11-13 16:15:29','2020-02-29 00:09:43'),(80,'m','2015-09-04','New Guadalupemouth','Nepal',55,NULL,'1971-02-21 16:54:16','2020-02-29 00:09:43'),(81,'f','2012-05-13','Schimmelbury','Indonesia',26,NULL,'2005-02-20 16:37:17','2020-02-29 00:09:43'),(82,'m','2003-05-14','Jeffryport','Guadeloupe',42,NULL,'1971-11-03 12:48:37','2020-02-29 00:09:43'),(83,'f','2003-05-28','North Heloise','Niger',14,NULL,'1991-07-06 05:04:57','2020-02-29 00:09:43'),(84,'f','2000-02-27','Aidanview','Zimbabwe',7,NULL,'1986-07-27 17:01:03','2020-02-29 00:09:43'),(85,'f','1984-11-25','South Malinda','Israel',19,NULL,'1994-09-21 15:16:42','2020-02-29 00:09:43'),(86,'f','2001-05-02','Abdielville','Slovenia',79,NULL,'1980-04-29 21:35:06','2020-02-29 00:09:43'),(87,'m','2011-03-11','West Marvin','Comoros',74,NULL,'1981-08-23 09:10:51','2020-02-29 00:09:43'),(88,'f','1988-07-13','Valentinview','Cape Verde',70,NULL,'2010-04-23 21:40:12','2020-02-29 00:09:43'),(89,'m','2009-09-21','New Kennith','Macao',97,NULL,'1991-03-23 12:57:22','2020-02-29 00:09:43'),(90,'m','1997-12-27','Lake Erickafort','Trinidad and Tobago',83,NULL,'2001-11-09 15:01:33','2020-02-29 00:09:43'),(91,'f','1977-07-22','Isobelmouth','Tajikistan',54,NULL,'2018-03-29 23:32:43','2020-02-29 00:09:43'),(92,'m','1989-08-24','Port Ruthfort','Indonesia',58,NULL,'1996-11-11 11:52:01','2020-02-29 00:09:43'),(93,'m','1985-03-21','Lake Horacechester','Saint Vincent and the Grenadines',62,NULL,'1982-10-14 23:49:27','2020-02-29 00:09:43'),(94,'f','2016-01-20','New Linwoodside','Liechtenstein',23,NULL,'2016-02-07 16:18:35','2020-02-29 00:09:43'),(95,'m','1985-08-01','East Chris','Cook Islands',57,NULL,'1997-02-01 05:03:09','2020-02-29 00:09:43'),(96,'f','1986-01-28','Klockoberg','Finland',41,NULL,'2013-12-21 22:27:23','2020-02-29 00:09:43'),(97,'m','1998-07-25','Estrellastad','Sudan',25,NULL,'1970-09-30 00:55:31','2020-02-29 00:09:43'),(98,'f','1997-12-05','Darbyview','Madagascar',28,NULL,'1970-10-31 05:43:23','2020-02-29 00:09:43'),(99,'f','1990-04-07','Zettahaven','Holy See (Vatican City State)',88,NULL,'2011-03-06 02:29:26','2020-02-29 00:09:43'),(100,'m','2013-10-02','New Alexandra','Chad',58,NULL,'2010-10-31 00:31:53','2020-02-29 00:09:43');
/*!40000 ALTER TABLE `profiles` ENABLE KEYS */;
UNLOCK TABLES;

--
-- Table structure for table `users`
--

DROP TABLE IF EXISTS `users`;
/*!40101 SET @saved_cs_client     = @@character_set_client */;
/*!50503 SET character_set_client = utf8mb4 */;
CREATE TABLE `users` (
  `id` int unsigned NOT NULL AUTO_INCREMENT,
  `first_name` varchar(100) CHARACTER SET utf8 COLLATE utf8_unicode_ci NOT NULL,
  `last_name` varchar(100) CHARACTER SET utf8 COLLATE utf8_unicode_ci NOT NULL,
  `email` varchar(120) CHARACTER SET utf8 COLLATE utf8_unicode_ci NOT NULL,
  `phone` varchar(120) CHARACTER SET utf8 COLLATE utf8_unicode_ci NOT NULL,
  `created_at` datetime DEFAULT CURRENT_TIMESTAMP,
  `updated_at` datetime DEFAULT CURRENT_TIMESTAMP ON UPDATE CURRENT_TIMESTAMP,
  PRIMARY KEY (`id`),
  UNIQUE KEY `email` (`email`),
  UNIQUE KEY `phone` (`phone`)
) ENGINE=InnoDB AUTO_INCREMENT=101 DEFAULT CHARSET=utf8 COLLATE=utf8_unicode_ci;
/*!40101 SET character_set_client = @saved_cs_client */;

--
-- Dumping data for table `users`
--

LOCK TABLES `users` WRITE;
/*!40000 ALTER TABLE `users` DISABLE KEYS */;
INSERT INTO `users` VALUES (1,'Quincy','Purdy','elbert93@example.net','(939)469-9293','2017-02-07 17:31:22','2020-02-29 00:09:43'),(2,'Emmy','Fay','nader.ladarius@example.net','05781758480','2017-10-14 17:56:51','2020-02-29 00:09:43'),(3,'Verona','Hegmann','mbailey@example.net','095-635-0190','2011-01-29 02:18:28','2011-11-14 07:09:34'),(4,'Nannie','Crona','hauck.pattie@example.org','567-153-4875x5622','2013-03-21 17:23:47','2020-02-29 00:09:43'),(5,'Nathanael','Cruickshank','qhuel@example.org','(927)119-7884x17982','2015-06-27 00:28:18','2018-05-07 05:21:48'),(6,'Shayne','Wehner','murray.nia@example.org','755.682.0460','2011-11-28 10:30:32','2015-12-15 19:08:50'),(7,'Paolo','Barton','effertz.emelie@example.net','(866)462-8040','2013-02-26 19:17:18','2020-02-29 00:09:43'),(8,'Lucie','Leuschke','toy.michale@example.net','931-696-2330','2016-12-20 05:51:43','2020-02-29 00:09:43'),(9,'Jennings','Konopelski','jake.schmitt@example.org','(708)552-6329x3385','2019-06-04 23:31:57','2019-11-10 15:50:24'),(10,'Efren','Bartoletti','effie.stokes@example.com','226-384-1723','2013-11-24 13:16:32','2020-02-29 00:09:43'),(11,'Kirsten','Cassin','rozella63@example.net','04822402728','2015-04-03 09:36:04','2020-02-29 00:09:43'),(12,'Naomie','Zboncak','louisa.stehr@example.com','1-729-535-7793','2016-09-15 01:13:55','2020-02-29 00:09:43'),(13,'Cary','Denesik','ophelia13@example.com','297.448.0735','2010-03-15 10:39:13','2016-03-11 02:03:51'),(14,'Joshua','Russel','harris.gay@example.com','(171)571-6342','2019-01-14 09:00:52','2020-02-29 00:09:43'),(15,'Nicola','Macejkovic','mateo19@example.org','739-434-9256','2019-07-03 03:35:34','2020-02-29 00:09:43'),(16,'Ellie','Schmidt','michale.paucek@example.net','(868)848-9117x475','2020-01-09 01:19:14','2020-02-29 00:09:43'),(17,'Michale','Auer','roberto.hamill@example.org','00305819146','2016-12-23 21:34:02','2017-05-15 15:13:00'),(18,'Jules','Hackett','gaetano.mills@example.org','284.928.0890x176','2014-11-02 21:48:00','2015-03-23 00:26:33'),(19,'Flavio','Beatty','shaniya73@example.org','(804)955-5931x045','2016-11-25 16:44:06','2020-02-29 00:09:43'),(20,'Linda','Larkin','padberg.wilfrid@example.com','629.943.8936','2011-05-20 08:18:15','2020-02-17 13:44:49'),(21,'Vito','McGlynn','marilou.heller@example.org','07299647152','2017-03-21 01:06:38','2020-02-29 00:09:43'),(22,'June','Rice','moen.marquis@example.com','(161)990-0501x945','2013-08-18 20:41:30','2018-01-29 12:36:46'),(23,'Karl','Upton','tmccullough@example.com','(767)376-6490x14630','2019-03-18 08:08:02','2019-11-08 10:25:28'),(24,'Maurine','Crona','qmurphy@example.net','511.230.0823x1449','2015-07-10 15:21:23','2018-01-04 11:17:13'),(25,'Deshawn','O\'Kon','rowena53@example.org','805.855.3916x5382','2011-09-07 19:50:42','2011-10-06 02:49:03'),(26,'Trisha','Friesen','marcelino79@example.net','03201367456','2015-12-11 14:25:03','2020-02-29 00:09:43'),(27,'Donald','Veum','beth.romaguera@example.net','1-269-667-0487x394','2013-10-30 22:14:27','2020-02-29 00:09:43'),(28,'Alvena','Rolfson','gusikowski.camryn@example.net','223.592.9873x01595','2016-04-23 00:32:59','2020-02-29 00:09:43'),(29,'Norberto','Leuschke','mose78@example.org','210-863-7715x3077','2010-05-13 10:54:07','2013-11-07 16:12:36'),(30,'Marlene','Hamill','ransom45@example.com','831-484-3990','2016-03-25 08:12:23','2020-02-29 00:09:43'),(31,'Terrance','Bode','rodriguez.jordi@example.net','752-204-4944','2016-07-08 05:35:08','2020-02-29 00:09:43'),(32,'Austen','Sporer','fadel.nola@example.com','1-973-397-2281x76789','2015-03-22 06:37:09','2020-02-29 00:09:43'),(33,'Reta','Schiller','rippin.gardner@example.com','508-692-2781','2010-03-28 00:05:30','2014-09-03 07:36:49'),(34,'Jude','DuBuque','tlittle@example.net','1-470-734-0219x576','2010-08-24 04:11:05','2018-08-24 20:53:43'),(35,'Zoie','Jones','qmarquardt@example.com','(309)130-6212x0121','2013-08-04 12:54:55','2018-12-24 15:52:00'),(36,'Brandyn','Erdman','wkunze@example.net','244.132.8037','2011-04-20 03:29:46','2020-02-29 00:09:43'),(37,'Arlene','Ruecker','braeden.ullrich@example.com','1-477-130-1115x949','2019-06-15 08:17:40','2020-02-29 00:09:43'),(38,'Newell','Lowe','ashleigh39@example.net','07327910527','2010-10-01 04:10:59','2013-07-26 15:31:49'),(39,'Cornelius','Reichel','dfranecki@example.net','1-425-038-1165','2014-09-08 22:23:28','2020-02-29 00:09:43'),(40,'Dell','Shields','cshanahan@example.org','(830)149-7031x636','2010-05-03 16:57:27','2011-04-04 19:23:17'),(41,'Alexane','Cronin','kris.leola@example.org','928.125.8558x48928','2010-03-27 09:32:16','2013-04-13 23:57:58'),(42,'Edyth','Grady','kylee.gibson@example.net','1-511-854-0118x146','2013-02-20 04:37:30','2015-07-12 16:26:21'),(43,'Lisandro','Heidenreich','lakin.lynn@example.org','(260)394-2762x74900','2015-03-24 19:42:28','2018-03-05 06:08:04'),(44,'Vesta','Morissette','clark46@example.net','1-260-447-9681','2020-02-22 15:02:44','2020-02-29 00:09:43'),(45,'Kevin','Murphy','nitzsche.florida@example.org','507.822.7457','2017-01-11 13:58:44','2020-02-29 00:09:43'),(46,'Edmond','Lemke','bechtelar.reba@example.com','02475201649','2019-02-03 15:50:21','2020-02-29 00:09:43'),(47,'Peter','Kohler','cordia.sauer@example.com','(360)226-1727x0926','2011-05-04 17:08:01','2012-07-22 10:02:29'),(48,'Zena','Braun','crooks.grady@example.org','279.096.8264','2017-08-21 00:10:38','2020-02-29 00:09:43'),(49,'Jeff','Padberg','xgottlieb@example.org','292.181.3259x10565','2019-11-27 07:44:50','2020-02-29 00:09:43'),(50,'Elmira','Wisoky','julie56@example.net','186-636-1373x889','2018-04-20 13:57:01','2020-02-29 00:09:43'),(51,'Sandy','Mraz','felix.haley@example.com','+95(0)4980996740','2018-04-07 03:18:33','2020-02-29 00:09:43'),(52,'Hazle','McKenzie','umccullough@example.net','390-263-1016x25256','2019-09-24 16:50:13','2020-02-29 00:09:43'),(53,'Finn','Kiehn','jerad57@example.com','309.359.7343','2017-10-15 18:55:20','2018-10-07 06:33:11'),(54,'Marcos','Windler','umonahan@example.org','(377)861-0946','2014-09-08 19:36:59','2017-09-21 17:35:33'),(55,'Billie','Vandervort','zulauf.clement@example.net','+52(7)6183244923','2014-09-09 11:52:51','2019-08-26 05:50:22'),(56,'Cornell','Schumm','mozell.kreiger@example.net','1-556-531-3278x300','2014-01-29 17:51:18','2020-02-29 00:09:43'),(57,'Marjolaine','Kuhn','lisandro.o\'connell@example.com','+51(8)0125836441','2013-11-12 04:25:27','2017-08-17 22:25:44'),(58,'Bette','Mosciski','mcglynn.tomasa@example.net','(685)033-6470x260','2018-11-18 23:59:42','2020-02-29 00:09:43'),(59,'Murphy','Wisozk','schmidt.alec@example.org','593-961-5162x9326','2015-11-05 02:58:24','2020-02-29 00:09:43'),(60,'Margarete','Murray','abbigail77@example.com','922-755-0182x0724','2019-03-22 13:44:29','2020-02-29 00:09:43'),(61,'Dagmar','Bergnaum','brandyn93@example.com','(767)301-6111x6205','2012-02-02 08:35:53','2016-11-02 01:10:49'),(62,'Lonzo','Rice','bglover@example.org','1-441-648-3368x947','2016-03-19 03:36:16','2020-02-29 00:09:43'),(63,'Birdie','Howe','bosco.king@example.net','457.030.6799x4098','2014-05-08 10:48:40','2020-02-29 00:09:43'),(64,'Darian','Ziemann','ronny07@example.com','881.963.0650','2010-09-06 15:30:45','2016-01-29 02:47:26'),(65,'Patrick','Effertz','kristian.kunze@example.net','539.017.5598x691','2011-11-22 20:30:20','2015-02-05 08:03:16'),(66,'Ambrose','O\'Reilly','hagenes.einar@example.org','09273947378','2016-05-09 16:40:01','2020-02-29 00:09:43'),(67,'Faustino','Murphy','ihalvorson@example.net','081.209.0005','2010-11-21 11:20:46','2015-10-30 10:09:20'),(68,'Hortense','Sawayn','kiarra36@example.net','+01(3)3724794104','2015-11-10 16:55:52','2016-11-14 11:42:43'),(69,'Kale','Bogisich','mosciski.moses@example.org','510-049-6909x51366','2015-06-19 02:29:33','2018-07-20 18:49:35'),(70,'Stacy','Rowe','jessyca11@example.org','1-543-740-0851','2014-02-10 08:11:19','2017-04-17 16:29:34'),(71,'Chaya','Volkman','marta.daniel@example.org','252-706-4851','2012-03-06 14:27:25','2012-08-07 18:34:34'),(72,'Eliseo','Schmeler','johnathon.reinger@example.com','00540131754','2012-07-28 17:59:33','2016-02-02 21:36:14'),(73,'Fay','Metz','yshanahan@example.org','(067)376-5213','2013-08-29 23:22:14','2020-02-29 00:09:43'),(74,'Corrine','Friesen','allan84@example.com','276.095.8068x3360','2010-05-24 04:07:34','2016-01-12 22:53:45'),(75,'Lamar','Prohaska','strosin.jarod@example.net','1-663-624-4115x7130','2017-05-17 02:16:05','2020-02-29 00:09:43'),(76,'Alanis','Volkman','josianne53@example.net','03068343876','2014-02-27 04:10:11','2018-11-16 18:17:32'),(77,'Astrid','Brakus','bella.franecki@example.com','152.207.7116','2018-10-23 13:24:31','2020-02-29 00:09:43'),(78,'Esther','Wiegand','zachary.schuster@example.org','990.508.1300','2014-02-25 03:31:37','2018-06-07 18:06:13'),(79,'Cordie','Keeling','afahey@example.net','1-866-214-0510','2017-02-13 05:59:26','2020-02-29 00:09:43'),(80,'Albert','Watsica','mbergstrom@example.net','362-105-9670x0941','2017-07-28 23:33:04','2020-02-29 00:09:43'),(81,'Maude','Ankunding','yschiller@example.org','+64(7)9396905000','2014-02-12 18:14:11','2019-12-12 00:07:29'),(82,'Rebeca','Streich','deron03@example.com','(633)530-8713','2017-06-23 13:01:23','2020-01-06 14:05:15'),(83,'Edward','Russel','kyra.goodwin@example.org','(612)579-5558','2016-12-28 15:17:23','2020-02-29 00:09:43'),(84,'Grace','Crist','hermann.brooks@example.com','00355869643','2012-09-08 03:05:46','2019-05-30 10:38:03'),(85,'Eve','Pagac','ttremblay@example.org','638.975.7258x0929','2012-07-08 23:02:20','2016-01-08 10:24:04'),(86,'Aurelio','Langworth','ewilderman@example.com','(499)376-5538','2016-12-28 08:20:28','2019-08-30 23:45:18'),(87,'Chelsie','Kihn','winona.bayer@example.com','254-158-2094x64033','2013-02-12 20:01:57','2015-06-04 07:09:17'),(88,'Zetta','Becker','aschuster@example.net','1-987-485-4940','2015-12-22 11:42:44','2019-03-09 08:18:41'),(89,'Roma','Harvey','marlen.goldner@example.net','764-049-5414x397','2020-02-18 16:06:42','2020-02-29 00:09:43'),(90,'Gabrielle','Weissnat','yazmin43@example.com','+77(2)5977857194','2019-08-05 05:04:50','2020-02-29 00:09:43'),(91,'Flavie','Hackett','dandre.lubowitz@example.net','294.252.5633','2018-07-29 11:00:20','2020-02-29 00:09:43'),(92,'Pansy','Roob','laverne98@example.com','184.940.9729x1890','2018-03-22 19:31:28','2020-02-29 00:09:43'),(93,'Birdie','Spinka','etrantow@example.org','1-678-225-4313x039','2010-03-23 16:31:22','2018-04-17 03:02:10'),(94,'Myrtis','Rutherford','morgan97@example.com','(831)634-4665','2012-04-30 20:34:14','2017-05-03 14:40:36'),(95,'Nathaniel','Bahringer','homenick.helmer@example.net','09432764626','2019-10-06 04:52:23','2020-02-29 00:09:43'),(96,'Colin','Trantow','pablo.predovic@example.com','08785149006','2018-02-14 15:37:10','2020-02-29 00:09:43'),(97,'Misael','Ortiz','merle22@example.net','(820)337-2709','2015-04-12 20:38:51','2019-07-20 23:07:22'),(98,'Bettye','Wiegand','frederick.cole@example.net','614.041.7363x15525','2019-02-02 16:15:37','2020-02-29 00:09:43'),(99,'Kale','Roberts','boris.oberbrunner@example.com','021-347-2885x1657','2013-08-11 10:35:30','2015-03-01 13:12:35'),(100,'Domenick','Jacobson','elaina85@example.org','(021)025-7243','2014-07-02 02:48:37','2020-02-29 00:09:43');
/*!40000 ALTER TABLE `users` ENABLE KEYS */;
UNLOCK TABLES;
/*!40103 SET TIME_ZONE=@OLD_TIME_ZONE */;

/*!40101 SET SQL_MODE=@OLD_SQL_MODE */;
/*!40014 SET FOREIGN_KEY_CHECKS=@OLD_FOREIGN_KEY_CHECKS */;
/*!40014 SET UNIQUE_CHECKS=@OLD_UNIQUE_CHECKS */;
/*!40101 SET CHARACTER_SET_CLIENT=@OLD_CHARACTER_SET_CLIENT */;
/*!40101 SET CHARACTER_SET_RESULTS=@OLD_CHARACTER_SET_RESULTS */;
/*!40101 SET COLLATION_CONNECTION=@OLD_COLLATION_CONNECTION */;
/*!40111 SET SQL_NOTES=@OLD_SQL_NOTES */;

-- Dump completed on 2020-02-29  1:14:26
