Id,choose
10000,0
10001,0
10002,0
10003,0
10004,1
10005,1
10006,0
10007,1
10008,0
10009,1
10010,0
10011,0
10012,0
10013,0
10014,1
10015,0
10016,0
10017,0
10018,0
10019,0
10020,0
10021,1
10022,0
10023,0
10024,1
10025,0
10026,1
10027,0
10028,0
10029,0
10030,1
10031,0
10032,0
10033,1
10034,0
10035,0
10036,0
10037,0
10038,0
10039,0
10040,0
10041,0
10042,1
10043,0
10044,0
10045,0
10046,1
10047,1
10048,0
10049,0
10050,0
10051,0
10052,0
10053,0
10054,1
10055,0
10056,1
10057,0
10058,0
10059,0
10060,1
10061,0
10062,1
10063,1
10064,1
10065,1
10066,0
10067,0
10068,0
10069,0
10070,0
10071,0
10072,1
10073,0
10074,0
10075,1
10076,0
10077,1
10078,0
10079,1
10080,1
10081,0
10082,1
10083,0
10084,0
10085,0
10086,1
10087,0
10088,0
10089,0
10090,0
10091,0
10092,1
10093,0
10094,0
10095,0
10096,0
10097,0
10098,0
10099,0
10100,0
10101,1
10102,1
10103,0
10104,0
10105,0
10106,0
10107,0
10108,0
10109,0
10110,0
10111,0
10112,0
10113,0
10114,0
10115,1
10116,0
10117,0
10118,1
10119,1
10120,0
10121,1
10122,1
10123,0
10124,1
10125,0
10126,0
10127,0
10128,0
10129,1
10130,1
10131,0
10132,0
10133,0
10134,0
10135,0
10136,0
10137,1
10138,0
10139,0
10140,1
10141,1
10142,1
10143,0
10144,0
10145,0
10146,0
10147,0
10148,0
10149,0
10150,0
10151,0
10152,0
10153,0
10154,0
10155,1
10156,0
10157,0
10158,0
10159,0
10160,0
10161,1
10162,0
10163,0
10164,1
10165,1
10166,0
10167,0
10168,0
10169,1
10170,0
10171,0
10172,0
10173,0
10174,0
10175,0
10176,0
10177,0
10178,0
10179,1
10180,0
10181,0
10182,1
10183,0
10184,0
10185,0
10186,0
10187,0
10188,1
10189,0
10190,1
10191,0
10192,0
10193,0
10194,0
10195,0
10196,0
10197,0
10198,0
10199,0
10200,0
10201,0
10202,1
10203,1
10204,0
10205,0
10206,0
10207,0
10208,1
10209,0
10210,0
10211,0
10212,0
10213,0
10214,1
10215,0
10216,0
10217,0
10218,0
10219,0
10220,1
10221,0
10222,0
10223,0
10224,0
10225,0
10226,0
10227,0
10228,0
10229,0
10230,1
10231,1
10232,1
10233,0
10234,0
10235,0
10236,1
10237,1
10238,1
10239,1
10240,0
10241,1
10242,0
10243,0
10244,0
10245,1
10246,0
10247,0
10248,1
10249,1
10250,0
10251,0
10252,1
10253,0
10254,0
10255,0
10256,0
10257,0
10258,0
10259,0
10260,0
10261,0
10262,0
10263,0
10264,0
10265,0
10266,0
10267,1
10268,0
10269,0
10270,0
10271,0
10272,0
10273,1
10274,0
10275,0
10276,1
10277,0
10278,0
10279,0
10280,0
10281,0
10282,0
10283,0
10284,0
10285,1
10286,0
10287,0
10288,0
10289,0
10290,1
10291,0
10292,0
10293,1
10294,0
10295,0
10296,0
10297,1
10298,0
10299,0
10300,0
10301,1
10302,0
10303,0
10304,0
10305,0
10306,0
10307,0
10308,1
10309,0
10310,1
10311,0
10312,0
10313,0
10314,0
10315,0
10316,0
10317,0
10318,0
10319,0
10320,1
10321,0
10322,0
10323,0
10324,0
10325,0
10326,0
10327,0
10328,0
10329,0
10330,0
10331,0
10332,0
10333,0
10334,0
10335,0
10336,1
10337,1
10338,0
10339,0
10340,0
10341,1
10342,0
10343,0
10344,0
10345,0
10346,0
10347,0
10348,0
10349,0
10350,0
10351,0
10352,0
10353,0
10354,0
10355,0
10356,0
10357,0
10358,0
10359,0
10360,0
10361,0
10362,1
10363,0
10364,1
10365,0
10366,0
10367,0
10368,1
10369,0
10370,0
10371,0
10372,0
10373,1
10374,0
10375,0
10376,0
10377,0
10378,0
10379,0
10380,0
10381,0
10382,0
10383,0
10384,0
10385,1
10386,0
10387,0
10388,0
10389,0
10390,0
10391,0
10392,1
10393,1
10394,0
10395,0
10396,1
10397,0
10398,1
10399,0
10400,1
10401,0
10402,1
10403,0
10404,1
10405,0
10406,1
10407,0
10408,0
10409,0
10410,1
10411,0
10412,0
10413,1
10414,0
10415,1
10416,0
10417,0
10418,0
10419,0
10420,0
10421,0
10422,0
10423,0
10424,0
10425,1
10426,0
10427,0
10428,1
10429,0
10430,0
10431,0
10432,0
10433,0
10434,0
10435,0
10436,0
10437,1
10438,0
10439,0
10440,0
10441,0
10442,0
10443,0
10444,0
10445,0
10446,0
10447,0
10448,0
10449,1
10450,0
10451,1
10452,1
10453,0
10454,0
10455,0
10456,0
10457,0
10458,0
10459,0
10460,0
10461,0
10462,0
10463,0
10464,0
10465,1
10466,1
10467,0
10468,0
10469,0
10470,0
10471,0
10472,0
10473,0
10474,0
10475,0
10476,0
10477,0
10478,0
10479,0
10480,1
10481,1
10482,0
10483,1
10484,0
10485,0
10486,0
10487,1
10488,0
10489,0
10490,1
10491,0
10492,0
10493,0
10494,1
10495,0
10496,0
10497,0
10498,0
10499,0
10500,0
10501,0
10502,1
10503,0
10504,1
10505,0
10506,0
10507,1
10508,0
10509,0
10510,0
10511,0
10512,1
10513,0
10514,0
10515,0
10516,0
10517,0
10518,0
10519,0
10520,0
10521,0
10522,0
10523,1
10524,0
10525,0
10526,0
10527,0
10528,1
10529,0
10530,0
10531,1
10532,0
10533,0
10534,0
10535,0
10536,0
10537,0
10538,0
10539,0
10540,0
10541,0
10542,1
10543,0
10544,0
10545,0
10546,1
10547,1
10548,0
10549,0
10550,0
10551,1
10552,0
10553,0
10554,0
10555,0
10556,0
10557,0
10558,0
10559,0
10560,0
10561,0
10562,0
10563,0
10564,0
10565,0
10566,0
10567,0
10568,0
10569,0
10570,1
10571,0
10572,0
10573,0
10574,0
10575,1
10576,0
10577,0
10578,0
10579,0
10580,0
10581,0
10582,0
10583,1
10584,0
10585,0
10586,0
10587,0
10588,0
10589,1
10590,0
10591,0
10592,0
10593,0
10594,0
10595,0
10596,0
10597,0
10598,0
10599,0
10600,0
10601,0
10602,0
10603,0
10604,0
10605,0
10606,0
10607,0
10608,0
10609,0
10610,0
10611,0
10612,0
10613,0
10614,0
10615,0
10616,1
10617,1
10618,0
10619,0
10620,0
10621,0
10622,0
10623,0
10624,0
10625,0
10626,0
10627,0
10628,0
10629,0
10630,0
10631,0
10632,1
10633,0
10634,0
10635,0
10636,0
10637,0
10638,0
10639,0
10640,0
10641,0
10642,0
10643,0
10644,0
10645,0
10646,0
10647,0
10648,0
10649,0
10650,0
10651,0
10652,0
10653,0
10654,0
10655,0
10656,1
10657,0
10658,0
10659,1
10660,0
10661,1
10662,1
10663,1
10664,0
10665,0
10666,1
10667,1
10668,0
10669,0
10670,0
10671,1
10672,0
10673,0
10674,0
10675,1
10676,1
10677,0
10678,0
10679,0
10680,0
10681,0
10682,0
10683,0
10684,0
10685,1
10686,0
10687,0
10688,0
10689,1
10690,0
10691,0
10692,0
10693,0
10694,0
10695,0
10696,0
10697,0
10698,0
10699,1
10700,0
10701,1
10702,0
10703,0
10704,0
10705,0
10706,1
10707,0
10708,0
10709,0
10710,0
10711,0
10712,1
10713,0
10714,0
10715,0
10716,0
10717,0
10718,1
10719,0
10720,0
10721,0
10722,0
10723,0
10724,0
10725,0
10726,0
10727,0
10728,0
10729,0
10730,0
10731,0
10732,0
10733,0
10734,1
10735,0
10736,1
10737,1
10738,0
10739,0
10740,0
10741,0
10742,0
10743,0
10744,0
10745,1
10746,1
10747,0
10748,0
10749,1
10750,0
10751,0
10752,0
10753,0
10754,0
10755,0
10756,0
10757,0
10758,1
10759,1
10760,0
10761,0
10762,1
10763,1
10764,0
10765,1
10766,1
10767,0
10768,1
10769,0
10770,1
10771,0
10772,1
10773,0
10774,0
10775,0
10776,0
10777,1
10778,0
10779,0
10780,1
10781,1
10782,0
10783,1
10784,0
10785,0
10786,0
10787,0
10788,1
10789,0
10790,0
10791,0
10792,0
10793,1
10794,1
10795,1
10796,0
10797,0
10798,1
10799,0
10800,0
10801,1
10802,0
10803,0
10804,1
10805,0
10806,0
10807,0
10808,0
10809,0
10810,0
10811,0
10812,0
10813,0
10814,0
10815,1
10816,0
10817,1
10818,0
10819,0
10820,0
10821,1
10822,0
10823,0
10824,0
10825,0
10826,0
10827,1
10828,0
10829,1
10830,0
10831,1
10832,0
10833,0
10834,0
10835,0
10836,0
10837,0
10838,1
10839,0
10840,0
10841,1
10842,0
10843,1
10844,0
10845,0
10846,0
10847,1
10848,0
10849,0
10850,1
10851,0
10852,0
10853,0
10854,0
10855,0
10856,0
10857,0
10858,0
10859,0
10860,0
10861,0
10862,0
10863,0
10864,0
10865,1
10866,0
10867,0
10868,0
10869,0
10870,0
10871,0
10872,1
10873,0
10874,0
10875,0
10876,0
10877,0
10878,0
10879,1
10880,0
10881,0
10882,1
10883,0
10884,0
10885,0
10886,0
10887,1
10888,0
10889,0
10890,0
10891,1
10892,1
10893,0
10894,0
10895,0
10896,1
10897,0
10898,0
10899,0
10900,0
10901,1
10902,0
10903,0
10904,0
10905,0
10906,0
10907,1
10908,0
10909,0
10910,0
10911,1
10912,1
10913,1
10914,0
10915,1
10916,0
10917,0
10918,0
10919,0
10920,0
10921,0
10922,0
10923,0
10924,0
10925,0
10926,0
10927,1
10928,0
10929,0
10930,0
10931,0
10932,0
10933,0
10934,0
10935,1
10936,0
10937,0
10938,0
10939,0
10940,0
10941,1
10942,0
10943,1
10944,0
10945,0
10946,0
10947,1
10948,0
10949,0
10950,0
10951,0
10952,0
10953,1
10954,1
10955,0
10956,0
10957,0
10958,0
10959,0
10960,0
10961,1
10962,0
10963,1
10964,0
10965,0
10966,0
10967,0
10968,1
10969,0
10970,1
10971,0
10972,0
10973,0
10974,0
10975,0
10976,0
10977,0
10978,1
10979,1
10980,1
10981,0
10982,0
10983,0
10984,0
10985,0
10986,0
10987,0
10988,0
10989,0
10990,0
10991,0
10992,0
10993,1
10994,0
10995,0
10996,0
10997,1
10998,0
10999,0
11000,0
11001,0
11002,0
11003,0
11004,0
11005,1
11006,0
11007,1
11008,0
11009,0
11010,0
11011,0
11012,0
11013,0
11014,0
11015,0
11016,0
11017,0
11018,1
11019,1
11020,0
11021,0
11022,0
11023,0
11024,1
11025,0
11026,0
11027,0
11028,1
11029,0
11030,0
11031,0
11032,0
11033,1
11034,0
11035,1
11036,0
11037,1
11038,0
11039,1
11040,1
11041,0
11042,1
11043,0
11044,0
11045,0
11046,0
11047,0
11048,1
11049,0
11050,0
11051,0
11052,0
11053,0
11054,0
11055,0
11056,0
11057,0
11058,0
11059,1
11060,0
11061,0
11062,0
11063,0
11064,0
11065,0
11066,0
11067,0
11068,1
11069,0
11070,0
11071,0
11072,0
11073,0
11074,0
11075,0
11076,0
11077,0
11078,0
11079,0
11080,0
11081,0
11082,0
11083,0
11084,0
11085,0
11086,0
11087,0
11088,0
11089,0
11090,0
11091,0
11092,0
11093,0
11094,0
11095,0
11096,0
11097,1
11098,0
11099,0
11100,0
11101,0
11102,0
11103,0
11104,0
11105,0
11106,0
11107,0
11108,0
11109,0
11110,1
11111,0
11112,0
11113,0
11114,0
11115,0
11116,0
11117,0
11118,0
11119,0
11120,0
11121,0
11122,1
11123,0
11124,0
11125,1
11126,0
11127,0
11128,0
11129,0
11130,0
11131,0
11132,0
11133,0
11134,0
11135,1
11136,0
11137,1
11138,0
11139,1
11140,0
11141,0
11142,0
11143,0
11144,0
11145,0
11146,0
11147,0
11148,0
11149,0
11150,0
11151,1
11152,0
11153,0
11154,0
11155,1
11156,1
11157,1
11158,0
11159,0
11160,0
11161,0
11162,0
11163,0
11164,0
11165,1
11166,0
11167,0
11168,0
11169,0
11170,0
11171,0
11172,0
11173,1
11174,0
11175,1
11176,0
11177,0
11178,0
11179,0
11180,1
11181,1
11182,1
11183,0
11184,0
11185,0
11186,1
11187,0
11188,0
11189,0
11190,0
11191,1
11192,0
11193,1
11194,0
11195,0
11196,0
11197,0
11198,0
11199,0
11200,1
11201,0
11202,0
11203,0
11204,0
11205,0
11206,1
11207,1
11208,1
11209,0
11210,0
11211,1
11212,0
11213,1
11214,0
11215,0
11216,0
11217,0
11218,0
11219,1
11220,0
11221,1
11222,0
11223,0
11224,0
11225,0
11226,0
11227,0
11228,0
11229,0
11230,0
11231,1
11232,0
11233,0
11234,0
11235,0
11236,0
11237,0
11238,0
11239,0
11240,1
11241,0
11242,0
11243,1
11244,0
11245,0
11246,0
11247,0
11248,0
11249,0
11250,0
11251,1
11252,0
11253,0
11254,0
11255,0
11256,0
11257,0
11258,0
11259,0
11260,0
11261,0
11262,0
11263,0
11264,1
11265,0
11266,1
11267,0
11268,0
11269,0
11270,1
11271,0
11272,0
11273,0
11274,0
11275,0
11276,1
11277,1
11278,0
11279,0
11280,1
11281,0
11282,0
11283,0
11284,0
11285,1
11286,0
11287,0
11288,0
11289,0
11290,0
11291,1
11292,0
11293,0
11294,0
11295,0
11296,0
11297,0
11298,1
11299,0
11300,0
11301,0
11302,1
11303,0
11304,0
11305,0
11306,1
11307,0
11308,0
11309,1
11310,0
11311,0
11312,1
11313,0
11314,0
11315,0
11316,0
11317,0
11318,0
11319,0
11320,0
11321,0
11322,0
11323,1
11324,0
11325,0
11326,0
11327,0
11328,0
11329,0
11330,1
11331,0
11332,0
11333,1
11334,0
11335,0
11336,0
11337,0
11338,0
11339,0
11340,0
11341,0
11342,0
11343,0
11344,1
11345,1
11346,0
11347,0
11348,1
11349,0
11350,0
11351,0
11352,0
11353,0
11354,0
11355,1
11356,0
11357,1
11358,0
11359,0
11360,0
11361,0
11362,1
11363,0
11364,0
11365,0
11366,0
11367,1
11368,1
11369,0
11370,0
11371,0
11372,0
11373,0
11374,0
11375,0
11376,0
11377,0
11378,0
11379,0
11380,1
11381,0
11382,0
11383,0
11384,0
11385,0
11386,1
11387,0
11388,0
11389,1
11390,0
11391,0
11392,0
11393,0
11394,0
11395,0
11396,0
11397,0
11398,0
11399,0
11400,0
11401,0
11402,0
11403,1
11404,0
11405,0
11406,0
11407,0
11408,0
11409,0
11410,0
11411,0
11412,0
11413,0
11414,0
11415,0
11416,0
11417,0
11418,0
11419,0
11420,0
11421,1
11422,0
11423,0
11424,0
11425,0
11426,0
11427,0
11428,0
11429,0
11430,0
11431,1
11432,0
11433,0
11434,0
11435,0
11436,1
11437,0
11438,0
11439,0
11440,0
11441,0
11442,0
11443,0
11444,1
11445,0
11446,0
11447,0
11448,1
11449,0
11450,0
11451,1
11452,0
11453,0
11454,0
11455,0
11456,1
11457,0
11458,1
11459,0
11460,1
11461,0
11462,0
11463,0
11464,1
11465,1
11466,0
11467,0
11468,0
11469,0
11470,0
11471,1
11472,0
11473,1
11474,0
11475,0
11476,1
11477,1
11478,0
11479,1
11480,0
11481,1
11482,0
11483,0
11484,1
11485,0
11486,0
11487,0
11488,0
11489,0
11490,0
11491,0
11492,1
11493,0
11494,0
11495,0
11496,0
11497,0
11498,1
11499,0
11500,0
11501,0
11502,0
11503,0
11504,0
11505,0
11506,0
11507,0
11508,0
11509,1
11510,0
11511,0
11512,0
11513,1
11514,0
11515,0
11516,0
11517,1
11518,0
11519,0
11520,0
11521,1
11522,0
11523,1
11524,1
11525,0
11526,0
11527,0
11528,0
11529,1
11530,0
11531,0
11532,0
11533,0
11534,0
11535,0
11536,0
11537,0
11538,0
11539,0
11540,0
11541,0
11542,0
11543,0
11544,0
11545,0
11546,0
11547,1
11548,0
11549,1
11550,0
11551,0
11552,0
11553,0
11554,0
11555,0
11556,0
11557,0
11558,0
11559,0
11560,0
11561,0
11562,0
11563,0
11564,0
11565,1
11566,0
11567,0
11568,0
11569,0
11570,0
11571,0
11572,1
11573,0
11574,0
11575,0
11576,0
11577,0
11578,0
11579,0
11580,0
11581,0
11582,0
11583,1
11584,0
11585,1
11586,1
11587,0
11588,0
11589,0
11590,0
11591,0
11592,0
11593,0
11594,0
11595,1
11596,1
11597,0
11598,1
11599,1
11600,0
11601,0
11602,1
11603,0
11604,0
11605,1
11606,0
11607,0
11608,0
11609,0
11610,1
11611,0
11612,0
11613,0
11614,0
11615,0
11616,0
11617,0
11618,1
11619,0
11620,0
11621,0
11622,0
11623,0
11624,1
11625,1
11626,0
11627,0
11628,0
11629,0
11630,1
11631,0
11632,0
11633,0
11634,1
11635,1
11636,1
11637,0
11638,1
11639,0
11640,0
11641,0
11642,0
11643,0
11644,0
11645,0
11646,0
11647,0
11648,0
11649,1
11650,0
11651,1
11652,0
11653,1
11654,0
11655,0
11656,0
11657,0
11658,0
11659,0
11660,0
11661,0
11662,1
11663,0
11664,0
11665,0
11666,0
11667,0
11668,1
11669,0
11670,1
11671,0
11672,1
11673,0
11674,1
11675,0
11676,0
11677,0
11678,1
11679,0
11680,1
11681,0
11682,0
11683,1
11684,0
11685,1
11686,1
11687,1
11688,0
11689,0
11690,0
11691,0
11692,0
11693,1
11694,1
11695,0
11696,0
11697,0
11698,0
11699,1
11700,0
11701,0
11702,0
11703,0
11704,0
11705,0
11706,1
11707,0
11708,0
11709,0
11710,1
11711,0
11712,0
11713,0
11714,1
11715,0
11716,0
11717,0
11718,0
11719,0
11720,0
11721,0
11722,0
11723,0
11724,0
11725,0
11726,1
11727,0
11728,0
11729,1
11730,1
11731,0
11732,0
11733,0
11734,0
11735,0
11736,0
11737,0
11738,0
11739,0
11740,1
11741,1
11742,0
11743,0
11744,0
11745,0
11746,0
11747,0
11748,0
11749,1
11750,0
11751,0
11752,1
11753,0
11754,0
11755,0
11756,0
11757,0
11758,0
11759,1
11760,1
11761,1
11762,0
11763,0
11764,0
11765,0
11766,1
11767,0
11768,0
11769,0
11770,0
11771,0
11772,0
11773,0
11774,0
11775,1
11776,0
11777,0
11778,0
11779,1
11780,0
11781,0
11782,0
11783,0
11784,1
11785,0
11786,0
11787,0
11788,1
11789,0
11790,1
11791,0
11792,0
11793,1
11794,0
11795,1
11796,0
11797,0
11798,0
11799,1
11800,0
11801,0
11802,0
11803,0
11804,0
11805,0
11806,0
11807,1
11808,0
11809,0
11810,0
11811,0
11812,0
11813,0
11814,0
11815,0
11816,1
11817,0
11818,1
11819,0
11820,1
11821,0
11822,0
11823,0
11824,0
11825,1
11826,0
11827,0
11828,1
11829,0
11830,1
11831,0
11832,0
11833,0
11834,0
11835,0
11836,0
11837,1
11838,0
11839,0
11840,0
11841,0
11842,1
11843,1
11844,0
11845,0
11846,0
11847,0
11848,1
11849,0
11850,1
11851,0
11852,0
11853,0
11854,0
11855,0
11856,1
11857,1
11858,0
11859,0
11860,1
11861,1
11862,0
11863,1
11864,0
11865,0
11866,0
11867,0
11868,0
11869,0
11870,0
11871,0
11872,0
11873,0
11874,1
11875,0
11876,0
11877,0
11878,1
11879,0
11880,0
11881,0
11882,0
11883,1
11884,0
11885,1
11886,0
11887,0
11888,0
11889,0
11890,0
11891,1
11892,1
11893,0
11894,0
11895,0
11896,1
11897,0
11898,0
11899,0
11900,0
11901,0
11902,0
11903,0
11904,1
11905,0
11906,0
11907,0
11908,0
11909,0
11910,0
11911,0
11912,0
11913,0
11914,0
11915,0
11916,0
11917,1
11918,0
11919,0
11920,0
11921,0
11922,1
11923,0
11924,0
11925,0
11926,1
11927,0
11928,0
11929,0
11930,0
11931,0
11932,0
11933,1
11934,0
11935,1
11936,0
11937,0
11938,0
11939,0
11940,1
11941,0
11942,0
11943,0
11944,0
11945,0
11946,0
11947,0
11948,0
11949,1
11950,0
11951,0
11952,0
11953,1
11954,0
11955,0
11956,0
11957,0
11958,1
11959,1
11960,0
11961,0
11962,1
11963,0
11964,0
11965,1
11966,1
11967,0
11968,0
11969,1
11970,0
11971,1
11972,1
11973,0
11974,0
11975,0
11976,0
11977,0
11978,0
11979,0
11980,0
11981,0
11982,0
11983,0
11984,0
11985,0
11986,0
11987,0
11988,0
11989,0
11990,0
11991,1
11992,1
11993,0
11994,0
11995,0
11996,0
11997,0
11998,0
11999,0
12000,0
12001,1
12002,1
12003,0
12004,1
12005,0
12006,0
12007,0
12008,0
12009,0
12010,0
12011,0
12012,0
12013,0
12014,0
12015,0
12016,0
12017,0
12018,0
12019,0
12020,0
12021,0
12022,0
12023,0
12024,0
12025,0
12026,0
12027,0
12028,1
12029,0
12030,0
12031,1
12032,1
12033,0
12034,0
12035,1
12036,0
12037,0
12038,0
12039,0
12040,1
12041,0
12042,1
12043,0
12044,1
12045,0
12046,0
12047,0
12048,0
12049,1
12050,0
12051,0
12052,0
12053,0
12054,1
12055,0
12056,0
12057,1
12058,1
12059,0
12060,1
12061,0
12062,1
12063,0
12064,1
12065,0
12066,1
12067,0
12068,1
12069,1
12070,0
12071,0
12072,1
12073,0
12074,0
12075,0
12076,0
12077,0
12078,0
12079,0
12080,0
12081,0
12082,0
12083,0
12084,0
12085,0
12086,1
12087,0
12088,0
12089,1
12090,0
12091,0
12092,1
12093,0
12094,1
12095,0
12096,0
12097,0
12098,0
12099,0
12100,0
12101,0
12102,1
12103,0
12104,0
12105,0
12106,0
12107,1
12108,0
12109,0
12110,0
12111,0
12112,0
12113,0
12114,0
12115,0
12116,0
12117,1
12118,0
12119,0
12120,0
12121,0
12122,0
12123,1
12124,0
12125,0
12126,1
12127,0
12128,0
12129,0
12130,0
12131,0
12132,0
12133,0
12134,0
12135,0
12136,0
12137,0
12138,1
12139,0
12140,0
12141,1
12142,0
12143,0
12144,0
12145,0
12146,0
12147,1
12148,0
12149,0
12150,0
12151,0
12152,1
12153,0
12154,0
12155,0
12156,0
12157,0
12158,0
12159,0
12160,0
12161,1
12162,0
12163,0
12164,0
12165,0
12166,0
12167,0
12168,0
12169,1
12170,0
12171,0
12172,0
12173,0
12174,0
12175,0
12176,0
12177,1
12178,0
12179,0
12180,0
12181,0
12182,0
12183,0
12184,0
12185,1
12186,1
12187,0
12188,0
12189,1
12190,0
12191,1
12192,1
12193,1
12194,0
12195,0
12196,0
12197,0
12198,1
12199,0
12200,0
12201,0
12202,0
12203,0
12204,1
12205,0
12206,1
12207,0
12208,1
12209,0
12210,0
12211,1
12212,0
12213,0
12214,0
12215,1
12216,0
12217,0
12218,0
12219,0
12220,0
12221,0
12222,0
12223,0
12224,0
12225,0
12226,0
12227,1
12228,0
12229,0
12230,0
12231,1
12232,0
12233,0
12234,0
12235,0
12236,1
12237,0
12238,0
12239,0
12240,0
12241,0
12242,0
12243,1
12244,0
12245,0
12246,0
12247,1
12248,0
12249,0
12250,0
12251,0
12252,0
12253,0
12254,0
12255,0
12256,0
12257,0
12258,1
12259,1
12260,0
12261,0
12262,0
12263,0
12264,0
12265,1
12266,1
12267,0
12268,1
12269,0
12270,0
12271,0
12272,0
12273,1
12274,0
12275,0
12276,0
12277,0
12278,0
12279,1
12280,1
12281,0
12282,1
12283,0
12284,0
12285,0
12286,1
12287,0
12288,1
12289,0
12290,1
12291,0
12292,0
12293,0
12294,0
12295,1
12296,0
12297,0
12298,0
12299,0
12300,1
12301,0
12302,0
12303,0
12304,0
12305,1
12306,1
12307,1
12308,1
12309,1
12310,0
12311,0
12312,0
12313,0
12314,0
12315,0
12316,0
12317,0
12318,0
12319,1
12320,0
12321,0
12322,1
12323,1
12324,0
12325,0
12326,0
12327,0
12328,0
12329,0
12330,1
12331,0
12332,1
12333,0
12334,0
12335,0
12336,0
12337,0
12338,0
12339,0
12340,0
12341,0
12342,0
12343,0
12344,1
12345,0
12346,0
12347,0
12348,0
12349,0
12350,1
12351,0
12352,1
12353,0
12354,0
12355,0
12356,0
12357,0
12358,0
12359,0
12360,0
12361,0
12362,0
12363,0
12364,0
12365,0
12366,1
12367,0
12368,0
12369,1
12370,0
12371,0
12372,0
12373,0
12374,1
12375,0
12376,0
12377,0
12378,0
12379,0
12380,0
12381,0
12382,0
12383,0
12384,0
12385,0
12386,0
12387,0
12388,0
12389,0
12390,0
12391,0
12392,1
12393,0
12394,0
12395,0
12396,0
12397,0
12398,1
12399,0
12400,1
12401,0
12402,0
12403,0
12404,1
12405,1
12406,0
12407,0
12408,0
12409,0
12410,0
12411,0
12412,0
12413,1
12414,0
12415,0
12416,0
12417,0
12418,0
12419,1
12420,0
12421,1
12422,0
12423,0
12424,1
12425,0
12426,1
12427,0
12428,0
12429,0
12430,1
12431,0
12432,0
12433,0
12434,0
12435,0
12436,0
12437,1
12438,0
12439,0
12440,0
12441,0
12442,0
12443,0
12444,0
12445,0
12446,0
12447,1
12448,0
12449,1
12450,0
12451,1
12452,1
12453,1
12454,0
12455,0
12456,0
12457,0
12458,0
12459,0
12460,0
12461,0
12462,0
12463,0
12464,1
12465,0
12466,0
12467,0
12468,0
12469,0
12470,0
12471,1
12472,0
12473,0
12474,0
12475,0
12476,0
12477,0
12478,0
12479,1
12480,0
12481,0
12482,1
12483,0
12484,1
12485,0
12486,1
12487,0
12488,1
12489,0
12490,0
12491,0
12492,0
12493,0
12494,0
12495,0
12496,0
12497,1
12498,0
12499,0
12500,0
12501,1
12502,1
12503,0
12504,1
12505,0
12506,1
12507,0
12508,0
12509,1
12510,1
12511,0
12512,0
12513,1
12514,0
12515,0
12516,1
12517,1
12518,0
12519,0
12520,0
12521,0
12522,0
12523,0
12524,0
12525,0
12526,0
12527,0
12528,1
12529,0
12530,0
12531,0
12532,0
12533,0
12534,1
12535,0
12536,0
12537,0
12538,0
12539,0
12540,0
12541,0
12542,0
12543,0
12544,0
12545,0
12546,1
12547,1
12548,0
12549,0
12550,0
12551,0
12552,0
12553,0
12554,1
12555,0
12556,0
12557,0
12558,0
12559,0
12560,0
12561,0
12562,0
12563,0
12564,1
12565,0
12566,0
12567,0
12568,0
12569,0
12570,0
12571,0
12572,0
12573,1
12574,0
12575,0
12576,0
12577,0
12578,0
12579,0
12580,0
12581,0
12582,0
12583,0
12584,0
12585,0
12586,0
12587,1
12588,0
12589,0
12590,0
12591,0
12592,0
12593,1
12594,0
12595,0
12596,0
12597,0
12598,1
12599,0
12600,0
12601,0
12602,1
12603,0
12604,1
12605,0
12606,0
12607,0
12608,0
12609,0
12610,0
12611,0
12612,1
12613,1
12614,1
12615,0
12616,1
12617,0
12618,0
12619,0
12620,0
12621,0
12622,1
12623,0
12624,0
12625,0
12626,0
12627,0
12628,0
12629,0
12630,1
12631,0
12632,1
12633,0
12634,1
12635,0
12636,0
12637,0
12638,1
12639,0
12640,0
12641,0
12642,0
12643,1
12644,0
12645,0
12646,0
12647,0
12648,0
12649,1
12650,0
12651,0
12652,0
12653,0
12654,1
12655,0
12656,0
12657,1
12658,0
12659,0
12660,0
12661,0
12662,0
12663,0
12664,0
12665,0
12666,1
12667,1
12668,0
12669,1
12670,0
12671,0
12672,1
12673,0
12674,0
12675,1
12676,0
12677,0
12678,0
12679,0
12680,1
12681,0
12682,0
12683,0
12684,0
12685,0
12686,0
12687,0
12688,0
12689,0
12690,0
12691,1
12692,1
12693,1
12694,0
12695,0
12696,0
12697,1
12698,0
12699,0
12700,0
12701,0
12702,0
12703,0
12704,0
12705,0
12706,0
12707,0
12708,0
12709,0
12710,0
12711,0
12712,0
12713,0
12714,0
12715,1
12716,1
12717,0
12718,0
12719,0
12720,0
12721,1
12722,0
12723,0
12724,0
12725,0
12726,0
12727,0
12728,0
12729,0
12730,0
12731,1
12732,0
12733,0
12734,0
12735,0
12736,0
12737,0
12738,0
12739,0
12740,0
12741,1
12742,0
12743,0
12744,1
12745,0
12746,1
12747,0
12748,0
12749,0
12750,0
12751,0
12752,0
12753,0
12754,0
12755,0
12756,0
12757,1
12758,0
12759,0
12760,0
12761,1
12762,0
12763,1
12764,0
12765,0
12766,0
12767,0
12768,0
12769,0
12770,0
12771,1
12772,0
12773,0
12774,0
12775,0
12776,0
12777,1
12778,0
12779,0
12780,0
12781,0
12782,0
12783,0
12784,0
12785,1
12786,1
12787,0
12788,0
12789,1
12790,0
12791,1
12792,0
12793,0
12794,0
12795,1
12796,0
12797,1
12798,0
12799,0
12800,1
12801,0
12802,0
12803,0
12804,0
12805,0
12806,1
12807,0
12808,1
12809,0
12810,0
12811,0
12812,0
12813,0
12814,0
12815,0
12816,0
12817,1
12818,0
12819,0
12820,0
12821,1
12822,0
12823,0
12824,1
12825,0
12826,0
12827,0
12828,0
12829,1
12830,0
12831,0
12832,0
12833,0
12834,0
12835,0
12836,0
12837,0
12838,0
12839,1
12840,0
12841,0
12842,0
12843,0
12844,0
12845,0
12846,1
12847,0
12848,0
12849,0
12850,0
12851,0
12852,1
12853,0
12854,1
12855,0
12856,1
12857,0
12858,1
12859,0
12860,0
12861,0
12862,0
12863,0
12864,0
12865,1
12866,1
12867,0
12868,0
12869,0
12870,0
12871,0
12872,1
12873,0
12874,0
12875,0
12876,0
12877,0
12878,0
12879,0
12880,0
12881,0
12882,0
12883,0
12884,1
12885,0
12886,0
12887,0
12888,0
12889,0
12890,0
12891,0
12892,0
12893,1
12894,1
12895,1
12896,0
12897,0
12898,0
12899,1
12900,0
12901,0
12902,0
12903,0
12904,1
12905,0
12906,0
12907,1
12908,1
12909,0
12910,0
12911,0
12912,0
12913,1
12914,0
12915,0
12916,0
12917,1
12918,1
12919,0
12920,0
12921,0
12922,0
12923,0
12924,0
12925,0
12926,1
12927,1
12928,1
12929,0
12930,0
12931,0
12932,0
12933,0
12934,0
12935,1
12936,0
12937,0
12938,0
12939,1
12940,0
12941,1
12942,1
12943,0
12944,0
12945,1
12946,0
12947,0
12948,0
12949,0
12950,0
12951,1
12952,0
12953,0
12954,0
12955,1
12956,0
12957,1
12958,0
12959,0
12960,0
12961,0
12962,0
12963,0
12964,0
12965,0
12966,0
12967,1
12968,0
12969,0
12970,0
12971,0
12972,0
12973,1
12974,0
12975,0
12976,0
12977,0
12978,1
12979,1
12980,0
12981,1
12982,0
12983,0
12984,1
12985,0
12986,0
12987,1
12988,0
12989,0
12990,0
12991,0
12992,0
12993,0
12994,0
12995,1
12996,0
12997,0
12998,1
12999,0
13000,0
13001,0
13002,0
13003,0
13004,0
13005,0
13006,0
13007,0
13008,0
13009,0
13010,0
13011,0
13012,0
13013,0
13014,0
13015,0
13016,0
13017,1
13018,0
13019,0
13020,0
13021,1
13022,0
13023,0
13024,0
13025,0
13026,0
13027,1
13028,0
13029,0
13030,0
13031,0
13032,0
13033,1
13034,0
13035,1
13036,0
13037,0
13038,1
13039,0
13040,0
13041,1
13042,0
13043,0
13044,1
13045,0
13046,0
13047,1
13048,0
13049,0
13050,0
13051,1
13052,0
13053,0
13054,0
13055,0
13056,0
13057,0
13058,0
13059,0
13060,0
13061,0
13062,0
13063,0
13064,0
13065,0
13066,0
13067,0
13068,0
13069,0
13070,0
13071,0
13072,0
13073,0
13074,0
13075,0
13076,0
13077,0
13078,0
13079,0
13080,0
13081,0
13082,0
13083,0
13084,0
13085,0
13086,0
13087,1
13088,0
13089,1
13090,1
13091,1
13092,0
13093,0
13094,1
13095,0
13096,0
13097,0
13098,1
13099,0
13100,0
13101,0
13102,0
13103,0
13104,0
13105,0
13106,0
13107,0
13108,0
13109,0
13110,0
13111,0
13112,0
13113,0
13114,0
13115,0
13116,1
13117,0
13118,1
13119,1
13120,0
13121,0
13122,1
13123,0
13124,1
13125,0
13126,1
13127,0
13128,0
13129,1
13130,0
13131,0
13132,1
13133,0
13134,0
13135,0
13136,0
13137,0
13138,1
13139,0
13140,1
13141,1
13142,0
13143,0
13144,1
13145,0
13146,1
13147,0
13148,0
13149,0
13150,1
13151,0
13152,0
13153,0
13154,0
13155,1
13156,0
13157,0
13158,0
13159,0
13160,1
13161,0
13162,0
13163,0
13164,0
13165,1
13166,1
13167,0
13168,0
13169,0
13170,0
13171,0
13172,0
13173,1
13174,0
13175,0
13176,0
13177,0
13178,0
13179,0
13180,0
13181,0
13182,0
13183,1
13184,0
13185,0
13186,0
13187,0
13188,0
13189,0
13190,0
13191,0
13192,0
13193,1
13194,0
13195,0
13196,0
13197,0
13198,0
13199,1
13200,0
13201,0
13202,0
13203,0
13204,1
13205,0
13206,1
13207,0
13208,1
13209,1
13210,0
13211,0
13212,1
13213,0
13214,1
13215,0
13216,1
13217,0
13218,0
13219,0
13220,1
13221,0
13222,0
13223,1
13224,0
13225,0
13226,0
13227,0
13228,0
13229,0
13230,0
13231,0
13232,0
13233,0
13234,0
13235,0
13236,0
13237,0
13238,0
13239,0
13240,0
13241,0
13242,0
13243,0
13244,0
13245,0
13246,0
13247,0
13248,0
13249,0
13250,0
13251,0
13252,0
13253,1
13254,0
13255,0
13256,0
13257,0
13258,0
13259,1
13260,0
13261,0
13262,1
13263,1
13264,0
13265,1
13266,1
13267,0
13268,0
13269,0
13270,0
13271,0
13272,0
13273,0
13274,0
13275,0
13276,0
13277,0
13278,0
13279,0
13280,1
13281,0
13282,0
13283,0
13284,1
13285,0
13286,0
13287,0
13288,0
13289,0
13290,0
13291,0
13292,0
13293,0
13294,0
13295,0
13296,0
13297,0
13298,0
13299,0
13300,1
13301,0
13302,0
13303,0
13304,0
13305,0
13306,0
13307,0
13308,1
13309,1
13310,1
13311,0
13312,0
13313,1
13314,0
13315,0
13316,1
13317,0
13318,1
13319,0
13320,0
13321,0
13322,0
13323,0
13324,0
13325,0
13326,1
13327,0
13328,0
13329,0
13330,0
13331,0
13332,0
13333,0
13334,1
13335,0
13336,1
13337,0
13338,1
13339,0
13340,0
13341,0
13342,1
13343,0
13344,0
13345,0
13346,0
13347,0
13348,0
13349,0
13350,1
13351,0
13352,0
13353,1
13354,0
13355,0
13356,0
13357,0
13358,0
13359,0
13360,0
13361,0
13362,0
13363,0
13364,0
13365,0
13366,0
13367,1
13368,1
13369,0
13370,0
13371,0
13372,0
13373,0
13374,0
13375,0
13376,0
13377,1
13378,0
13379,1
13380,0
13381,0
13382,1
13383,0
13384,1
13385,1
13386,0
13387,1
13388,0
13389,0
13390,0
13391,0
13392,0
13393,0
13394,0
13395,0
13396,0
13397,1
13398,0
13399,0
13400,1
13401,0
13402,0
13403,0
13404,0
13405,0
13406,0
13407,0
13408,0
13409,1
13410,0
13411,1
13412,1
13413,1
13414,0
13415,0
13416,0
13417,1
13418,0
13419,0
13420,1
13421,0
13422,0
13423,0
13424,0
13425,0
13426,0
13427,0
13428,0
13429,0
13430,0
13431,1
13432,0
13433,0
13434,0
13435,1
13436,1
13437,0
13438,0
13439,0
13440,0
13441,0
13442,0
13443,0
13444,0
13445,1
13446,0
13447,0
13448,0
13449,0
13450,0
13451,1
13452,0
13453,1
13454,0
13455,0
13456,1
13457,0
13458,0
13459,0
13460,0
13461,0
13462,0
13463,1
13464,0
13465,1
13466,1
13467,0
13468,0
13469,0
13470,1
13471,0
13472,0
13473,0
13474,0
13475,0
13476,0
13477,0
13478,0
13479,1
13480,0
13481,1
13482,1
13483,0
13484,0
13485,0
13486,1
13487,0
13488,0
13489,1
13490,0
13491,1
13492,0
13493,1
13494,0
13495,0
13496,0
13497,0
13498,0
13499,0
13500,0
13501,0
13502,1
13503,0
13504,0
13505,0
13506,0
13507,0
13508,1
13509,0
13510,0
13511,0
13512,0
13513,0
13514,0
13515,0
13516,0
13517,0
13518,1
13519,0
13520,0
13521,0
13522,0
13523,0
13524,0
13525,0
13526,0
13527,0
13528,0
13529,0
13530,0
13531,1
13532,0
13533,0
13534,0
13535,1
13536,0
13537,1
13538,0
13539,0
13540,0
13541,0
13542,0
13543,0
13544,0
13545,0
13546,0
13547,0
13548,0
13549,0
13550,0
13551,1
13552,0
13553,0
13554,0
13555,0
13556,0
13557,0
13558,1
13559,0
13560,0
13561,0
13562,1
13563,0
13564,0
13565,0
13566,0
13567,0
13568,0
13569,0
13570,0
13571,1
13572,0
13573,0
13574,0
13575,0
13576,0
13577,0
13578,0
13579,0
13580,0
13581,0
13582,0
13583,0
13584,0
13585,0
13586,0
13587,0
13588,0
13589,1
13590,0
13591,0
13592,0
13593,0
13594,0
13595,0
13596,0
13597,1
13598,0
13599,0
13600,0
13601,0
13602,0
13603,0
13604,0
13605,0
13606,0
13607,0
13608,1
13609,0
13610,0
13611,0
13612,0
13613,0
13614,0
13615,0
13616,0
13617,0
13618,0
13619,0
13620,0
13621,0
13622,1
13623,0
13624,0
13625,1
13626,0
13627,0
13628,0
13629,1
13630,0
13631,0
13632,0
13633,0
13634,0
13635,0
13636,1
13637,0
13638,0
13639,0
13640,1
13641,0
13642,0
13643,0
13644,0
13645,0
13646,1
13647,0
13648,0
13649,0
13650,0
13651,0
13652,0
13653,0
13654,0
13655,0
13656,0
13657,0
13658,1
13659,0
13660,1
13661,0
13662,0
13663,1
13664,0
13665,0
13666,0
13667,0
13668,0
13669,0
13670,1
13671,1
13672,1
13673,1
13674,0
13675,0
13676,0
13677,0
13678,0
13679,0
13680,1
13681,0
13682,1
13683,0
13684,0
13685,0
13686,0
13687,1
13688,0
13689,0
13690,1
13691,0
13692,0
13693,0
13694,0
13695,0
13696,1
13697,0
13698,0
13699,0
13700,1
13701,0
13702,0
13703,0
13704,1
13705,1
13706,0
13707,0
13708,1
13709,0
13710,0
13711,0
13712,0
13713,0
13714,0
13715,0
13716,0
13717,0
13718,0
13719,1
13720,0
13721,0
13722,0
13723,0
13724,0
13725,0
13726,0
13727,0
13728,0
13729,1
13730,0
13731,0
13732,0
13733,0
13734,0
13735,1
13736,0
13737,1
13738,0
13739,0
13740,1
13741,1
13742,1
13743,0
13744,0
13745,0
13746,1
13747,0
13748,0
13749,0
13750,0
13751,0
13752,0
13753,0
13754,0
13755,0
13756,0
13757,1
13758,0
13759,0
13760,0
13761,0
13762,1
13763,0
13764,0
13765,0
13766,0
13767,0
13768,0
13769,1
13770,1
13771,0
13772,1
13773,0
13774,0
13775,0
13776,0
13777,0
13778,1
13779,0
13780,0
13781,0
13782,0
13783,0
13784,0
13785,0
13786,0
13787,0
13788,0
13789,1
13790,0
13791,0
13792,1
13793,0
13794,0
13795,0
13796,0
13797,0
13798,0
13799,0
13800,1
13801,0
13802,0
13803,1
13804,0
13805,0
13806,0
13807,0
13808,0
13809,0
13810,0
13811,0
13812,1
13813,0
13814,1
13815,0
13816,0
13817,0
13818,0
13819,0
13820,0
13821,0
13822,0
13823,0
13824,0
13825,0
13826,0
13827,0
13828,1
13829,0
13830,0
13831,1
13832,0
13833,0
13834,0
13835,0
13836,0
13837,0
13838,0
13839,0
13840,0
13841,1
13842,0
13843,0
13844,0
13845,0
13846,0
13847,0
13848,0
13849,1
13850,1
13851,1
13852,0
13853,0
13854,0
13855,1
13856,0
13857,0
13858,0
13859,0
13860,0
13861,0
13862,0
13863,0
13864,1
13865,0
13866,0
13867,0
13868,0
13869,0
13870,0
13871,0
13872,0
13873,0
13874,0
13875,0
13876,0
13877,0
13878,0
13879,1
13880,1
13881,0
13882,0
13883,0
13884,1
13885,0
13886,0
13887,0
13888,0
13889,0
13890,0
13891,1
13892,0
13893,0
13894,0
13895,1
13896,0
13897,0
13898,0
13899,0
13900,0
13901,0
13902,0
13903,1
13904,0
13905,1
13906,0
13907,1
13908,0
13909,0
13910,0
13911,0
13912,0
13913,0
13914,0
13915,0
13916,0
13917,0
13918,0
13919,0
13920,0
13921,0
13922,0
13923,0
13924,0
13925,0
13926,0
13927,0
13928,0
13929,0
13930,0
13931,0
13932,0
13933,0
13934,0
13935,0
13936,0
13937,0
13938,0
13939,0
13940,1
13941,0
13942,1
13943,0
13944,1
13945,0
13946,0
13947,0
13948,0
13949,0
13950,0
13951,0
13952,0
13953,0
13954,0
13955,1
13956,0
13957,0
13958,0
13959,1
13960,0
13961,1
13962,1
13963,0
13964,0
13965,0
13966,1
13967,0
13968,0
13969,0
13970,0
13971,0
13972,0
13973,0
13974,0
13975,0
13976,0
13977,0
13978,0
13979,1
13980,0
13981,1
13982,0
13983,0
13984,1
13985,1
13986,1
13987,0
13988,0
13989,0
13990,0
13991,0
13992,0
13993,1
13994,0
13995,0
13996,0
13997,0
13998,0
13999,1
14000,0
14001,0
14002,0
14003,1
14004,0
14005,0
14006,1
14007,0
14008,0
14009,1
14010,0
14011,0
14012,0
14013,1
14014,0
14015,0
14016,0
14017,1
14018,0
14019,1
14020,0
14021,0
14022,0
14023,1
14024,1
14025,0
14026,0
14027,0
14028,0
14029,1
14030,0
14031,1
14032,0
14033,0
14034,0
14035,0
14036,0
14037,0
14038,0
14039,0
14040,0
14041,1
14042,0
14043,1
14044,0
14045,0
14046,0
14047,1
14048,0
14049,0
14050,1
14051,0
14052,0
14053,1
14054,0
14055,0
14056,0
14057,0
14058,0
14059,0
14060,1
14061,0
14062,0
14063,0
14064,0
14065,1
14066,0
14067,1
14068,1
14069,0
14070,0
14071,0
14072,0
14073,0
14074,0
14075,1
14076,0
14077,1
14078,0
14079,0
14080,0
14081,1
14082,1
14083,0
14084,0
14085,1
14086,0
14087,0
14088,0
14089,0
14090,0
14091,0
14092,0
14093,0
14094,1
14095,0
14096,0
14097,1
14098,0
14099,0
14100,0
14101,0
14102,0
14103,0
14104,0
14105,0
14106,1
14107,0
14108,1
14109,0
14110,1
14111,0
14112,0
14113,0
14114,0
14115,0
14116,0
14117,0
14118,0
14119,0
14120,0
14121,0
14122,0
14123,0
14124,0
14125,1
14126,0
14127,0
14128,1
14129,0
14130,0
14131,0
14132,1
14133,0
14134,0
14135,1
14136,0
14137,0
14138,0
14139,1
14140,0
14141,0
14142,1
14143,0
14144,0
14145,0
14146,1
14147,0
14148,1
14149,0
14150,0
14151,0
14152,1
14153,1
14154,0
14155,0
14156,1
14157,0
14158,0
14159,0
14160,1
14161,0
14162,1
14163,0
14164,0
14165,0
14166,1
14167,1
14168,0
14169,0
14170,0
14171,0
14172,1
14173,0
14174,0
14175,0
14176,0
14177,0
14178,0
14179,0
14180,1
14181,0
14182,1
14183,0
14184,0
14185,0
14186,0
14187,0
14188,0
14189,0
14190,0
14191,0
14192,0
14193,0
14194,1
14195,0
14196,0
14197,1
14198,0
14199,1
14200,0
14201,0
14202,0
14203,0
14204,0
14205,1
14206,0
14207,0
14208,0
14209,0
14210,0
14211,1
14212,0
14213,0
14214,0
14215,0
14216,0
14217,0
14218,1
14219,0
14220,1
14221,0
14222,1
14223,0
14224,0
14225,0
14226,0
14227,0
14228,1
14229,0
14230,0
14231,0
14232,0
14233,0
14234,0
14235,0
14236,0
14237,0
14238,0
14239,0
14240,0
14241,0
14242,0
14243,1
14244,0
14245,1
14246,0
14247,1
14248,0
14249,0
14250,0
14251,0
14252,0
14253,0
14254,0
14255,0
14256,0
14257,0
14258,0
14259,1
14260,0
14261,1
14262,0
14263,0
14264,0
14265,0
14266,1
14267,0
14268,0
14269,0
14270,0
14271,0
14272,0
14273,0
14274,0
14275,0
14276,0
14277,1
14278,0
14279,0
14280,0
14281,0
14282,1
14283,0
14284,0
14285,0
14286,0
14287,0
14288,0
14289,1
14290,0
14291,0
14292,0
14293,0
14294,0
14295,0
14296,0
14297,1
14298,1
14299,1
14300,0
14301,1
14302,0
14303,0
14304,1
14305,0
14306,1
14307,0
14308,0
14309,0
14310,1
14311,0
14312,0
14313,0
14314,1
14315,0
14316,0
14317,0
14318,0
14319,0
14320,0
14321,0
14322,0
14323,0
14324,1
14325,0
14326,0
14327,0
14328,0
14329,0
14330,0
14331,0
14332,0
14333,1
14334,1
14335,0
14336,0
14337,1
14338,0
14339,1
14340,0
14341,1
14342,0
14343,0
14344,1
14345,0
14346,1
14347,0
14348,1
14349,1
14350,0
14351,0
14352,0
14353,0
14354,0
14355,0
14356,0
14357,0
14358,0
14359,0
14360,0
14361,0
14362,0
14363,0
14364,0
14365,0
14366,0
14367,0
14368,1
14369,0
14370,0
14371,0
14372,1
14373,1
14374,0
14375,0
14376,0
14377,0
14378,1
14379,0
14380,1
14381,0
14382,0
14383,0
14384,1
14385,0
14386,0
14387,0
14388,0
14389,0
14390,0
14391,0
14392,1
14393,1
14394,1
14395,0
14396,0
14397,0
14398,0
14399,0
14400,0
14401,0
14402,0
14403,0
14404,0
14405,0
14406,0
14407,0
14408,0
14409,0
14410,0
14411,1
14412,0
14413,0
14414,0
14415,1
14416,1
14417,0
14418,0
14419,0
14420,1
14421,0
14422,0
14423,1
14424,0
14425,1
14426,0
14427,0
14428,1
14429,0
14430,1
14431,0
14432,0
14433,0
14434,0
14435,0
14436,0
14437,0
14438,0
14439,0
14440,0
14441,0
14442,0
14443,0
14444,0
14445,0
14446,0
14447,0
14448,0
14449,0
14450,0
14451,0
14452,0
14453,0
14454,0
14455,0
14456,1
14457,0
14458,0
14459,0
14460,0
14461,0
14462,0
14463,0
14464,0
14465,0
14466,0
14467,0
14468,0
14469,0
14470,0
14471,0
14472,0
14473,0
14474,0
14475,0
14476,0
14477,1
14478,1
14479,0
14480,1
14481,0
14482,0
14483,0
14484,0
14485,0
14486,1
14487,0
14488,0
14489,0
14490,0
14491,1
14492,1
14493,1
14494,0
14495,0
14496,0
14497,0
14498,0
14499,0
14500,0
14501,1
14502,1
14503,0
14504,0
14505,0
14506,0
14507,1
14508,0
14509,0
14510,1
14511,0
14512,0
14513,1
14514,0
14515,0
14516,0
14517,1
14518,0
14519,0
14520,0
14521,0
14522,0
14523,0
14524,0
14525,0
14526,0
14527,0
14528,0
14529,0
14530,0
14531,0
14532,0
14533,0
14534,0
14535,0
14536,0
14537,0
14538,0
14539,0
14540,0
14541,0
14542,0
14543,0
14544,0
14545,0
14546,0
14547,0
14548,0
14549,0
14550,0
14551,0
14552,1
14553,0
14554,0
14555,0
14556,0
14557,0
14558,1
14559,1
14560,1
14561,0
14562,0
14563,0
14564,0
14565,1
14566,0
14567,0
14568,0
14569,0
14570,1
14571,0
14572,0
14573,0
14574,0
14575,0
14576,0
14577,0
14578,1
14579,0
14580,0
14581,0
14582,1
14583,0
14584,1
14585,0
14586,0
14587,0
14588,0
14589,0
14590,0
14591,0
14592,0
14593,1
14594,1
14595,0
14596,0
14597,0
14598,0
14599,0
14600,0
14601,0
14602,0
14603,0
14604,0
14605,0
14606,0
14607,0
14608,0
14609,0
14610,0
14611,1
14612,0
14613,1
14614,0
14615,0
14616,1
14617,0
14618,1
14619,1
14620,0
14621,0
14622,0
14623,0
14624,0
14625,0
14626,0
14627,0
14628,0
14629,0
14630,0
14631,0
14632,0
14633,0
14634,0
14635,0
14636,0
14637,1
14638,0
14639,1
14640,0
14641,0
14642,0
14643,0
14644,0
14645,1
14646,0
14647,1
14648,0
14649,0
14650,0
14651,0
14652,0
14653,0
14654,0
14655,1
14656,0
14657,0
14658,0
14659,1
14660,1
14661,0
14662,0
14663,0
14664,1
14665,0
14666,0
14667,1
14668,1
14669,0
14670,0
14671,0
14672,0
14673,0
14674,0
14675,0
14676,0
14677,0
14678,0
14679,0
14680,0
14681,0
14682,0
14683,0
14684,0
14685,0
14686,0
14687,0
14688,0
14689,1
14690,0
14691,0
14692,0
14693,0
14694,0
14695,0
14696,0
14697,0
14698,0
14699,0
14700,1
14701,1
14702,1
14703,0
14704,0
14705,0
14706,0
14707,0
14708,0
14709,0
14710,0
14711,0
14712,0
14713,0
14714,0
14715,0
14716,0
14717,0
14718,0
14719,0
14720,0
14721,0
14722,0
14723,1
14724,0
14725,1
14726,0
14727,0
14728,0
14729,0
14730,0
14731,0
14732,0
14733,0
14734,0
14735,0
14736,0
14737,0
14738,1
14739,0
14740,0
14741,0
14742,0
14743,0
14744,0
14745,0
14746,0
14747,0
14748,0
14749,1
14750,0
14751,0
14752,0
14753,0
14754,0
14755,0
14756,1
14757,0
14758,0
14759,0
14760,0
14761,0
14762,0
14763,0
14764,0
14765,0
14766,0
14767,0
14768,0
14769,0
14770,0
14771,0
14772,0
14773,0
14774,0
14775,0
14776,0
14777,0
14778,1
14779,0
14780,0
14781,1
14782,0
14783,1
14784,0
14785,1
14786,0
14787,0
14788,0
14789,0
14790,0
14791,0
14792,0
14793,0
14794,0
14795,0
14796,0
14797,0
14798,0
14799,0
14800,0
14801,0
14802,0
14803,0
14804,0
14805,0
14806,1
14807,0
14808,1
14809,0
14810,0
14811,0
14812,0
14813,0
14814,0
14815,0
14816,0
14817,0
14818,0
14819,0
14820,1
14821,1
14822,0
14823,0
14824,1
14825,0
14826,0
14827,0
14828,0
14829,0
14830,0
14831,1
14832,0
14833,0
14834,0
14835,0
14836,1
14837,0
14838,1
14839,0
14840,0
14841,0
14842,0
14843,0
14844,0
14845,0
14846,0
14847,1
14848,0
14849,0
14850,1
14851,0
14852,0
14853,0
14854,0
14855,1
14856,0
14857,0
14858,1
14859,0
14860,0
14861,0
14862,0
14863,1
14864,0
14865,0
14866,0
14867,0
14868,1
14869,0
14870,0
14871,0
14872,0
14873,0
14874,0
14875,0
14876,0
14877,0
14878,0
14879,0
14880,0
14881,0
14882,0
14883,0
14884,0
14885,0
14886,0
14887,1
14888,1
14889,1
14890,0
14891,1
14892,0
14893,0
14894,0
14895,0
14896,1
14897,0
14898,0
14899,0
14900,0
14901,0
14902,1
14903,1
14904,1
14905,1
14906,0
14907,1
14908,0
14909,0
14910,0
14911,0
14912,1
14913,0
14914,0
14915,0
14916,0
14917,0
14918,0
14919,0
14920,0
14921,1
14922,0
14923,0
14924,0
14925,0
14926,0
14927,0
14928,0
14929,1
14930,0
14931,0
14932,0
14933,1
14934,1
14935,0
14936,0
14937,0
14938,1
14939,0
14940,1
14941,1
14942,0
14943,0
14944,0
14945,1
14946,0
14947,0
14948,0
14949,0
14950,0
14951,1
14952,0
14953,1
14954,1
14955,0
14956,0
14957,0
14958,1
14959,0
14960,0
14961,0
14962,0
14963,0
14964,1
14965,1
14966,0
14967,0
14968,0
14969,0
14970,0
14971,0
14972,1
14973,0
14974,0
14975,0
14976,0
14977,0
14978,0
14979,0
14980,0
14981,0
14982,0
14983,0
14984,0
14985,0
14986,1
14987,1
14988,0
14989,0
14990,0
14991,0
14992,0
14993,0
14994,1
14995,0
14996,1
14997,0
14998,1
14999,0
15000,0
15001,1
15002,1
15003,0
15004,0
15005,0
15006,1
15007,0
15008,0
15009,0
15010,0
15011,1
15012,1
15013,0
15014,1
15015,0
15016,0
15017,0
15018,0
15019,1
15020,0
15021,0
15022,0
15023,1
15024,0
15025,1
15026,0
15027,0
15028,0
15029,0
15030,0
15031,0
15032,1
15033,0
15034,0
15035,1
15036,1
15037,0
15038,0
15039,1
15040,0
15041,1
15042,0
15043,1
15044,1
15045,0
15046,1
15047,0
15048,1
15049,1
15050,1
15051,1
15052,0
15053,0
15054,0
15055,1
15056,0
15057,0
15058,0
15059,1
15060,0
15061,0
15062,1
15063,0
15064,0
15065,0
15066,1
15067,0
15068,0
15069,0
15070,0
15071,0
15072,0
15073,1
15074,0
15075,0
15076,0
15077,0
15078,0
15079,0
15080,1
15081,1
15082,0
15083,0
15084,0
15085,0
15086,0
15087,0
15088,1
15089,0
15090,1
15091,0
15092,0
15093,0
15094,0
15095,0
15096,0
15097,0
15098,0
15099,0
15100,0
15101,0
15102,0
15103,0
15104,0
15105,0
15106,0
15107,1
15108,0
15109,0
15110,0
15111,1
15112,1
15113,0
15114,0
15115,0
15116,0
15117,0
15118,1
15119,0
15120,1
15121,0
15122,0
15123,0
15124,0
15125,0
15126,0
15127,0
15128,0
15129,0
15130,0
15131,0
15132,0
15133,1
15134,0
15135,1
15136,0
15137,0
15138,0
15139,0
15140,0
15141,0
15142,0
15143,1
15144,0
15145,0
15146,0
15147,0
15148,0
15149,1
15150,1
15151,0
15152,0
15153,0
15154,1
15155,0
15156,1
15157,0
15158,0
15159,0
15160,0
15161,0
15162,1
15163,0
15164,1
15165,0
15166,0
15167,0
15168,0
15169,0
15170,0
15171,1
15172,0
15173,0
15174,0
15175,0
15176,1
15177,0
15178,0
15179,0
15180,0
15181,0
15182,0
15183,1
15184,0
15185,0
15186,1
15187,0
15188,0
15189,0
15190,1
15191,0
15192,0
15193,0
15194,0
15195,1
15196,0
15197,0
15198,0
15199,0
15200,1
15201,0
15202,0
15203,1
15204,0
15205,0
15206,1
15207,1
15208,1
15209,1
15210,0
15211,0
15212,0
15213,1
15214,0
15215,0
15216,0
15217,1
15218,0
15219,0
15220,1
15221,0
15222,0
15223,0
15224,1
15225,0
15226,0
15227,0
15228,0
15229,0
15230,0
15231,0
15232,0
15233,0
15234,0
15235,0
15236,0
15237,0
15238,1
15239,0
15240,0
15241,0
15242,0
15243,0
15244,1
15245,0
15246,1
15247,0
15248,0
15249,0
15250,0
15251,0
15252,0
15253,1
15254,0
15255,1
15256,1
15257,1
15258,1
15259,0
15260,0
15261,0
15262,0
15263,0
15264,0
15265,0
15266,0
15267,0
15268,1
15269,0
15270,0
15271,1
15272,0
15273,0
15274,0
15275,0
15276,0
15277,1
15278,0
15279,1
15280,0
15281,0
15282,1
15283,0
15284,0
15285,0
15286,0
15287,0
15288,0
15289,1
15290,0
15291,0
15292,1
15293,0
15294,0
15295,0
15296,1
15297,0
15298,0
15299,1
15300,1
15301,0
15302,0
15303,0
15304,0
15305,0
15306,0
15307,1
15308,1
15309,0
15310,0
15311,0
15312,0
15313,0
15314,0
15315,0
15316,1
15317,0
15318,0
15319,0
15320,1
15321,0
15322,0
15323,0
15324,0
15325,0
15326,0
15327,0
15328,1
15329,0
15330,0
15331,0
15332,0
15333,0
15334,1
15335,0
15336,0
15337,0
15338,0
15339,1
15340,0
15341,0
15342,1
15343,0
15344,0
15345,0
15346,0
15347,0
15348,1
15349,0
15350,0
15351,1
15352,0
15353,0
15354,0
15355,0
15356,1
15357,0
15358,0
15359,0
15360,0
15361,0
15362,1
15363,0
15364,0
15365,0
15366,0
15367,0
15368,0
15369,0
15370,0
15371,1
15372,0
15373,0
15374,1
15375,1
15376,1
15377,0
15378,1
15379,0
15380,0
15381,0
15382,0
15383,0
15384,1
15385,0
15386,0
15387,0
15388,0
15389,0
15390,0
15391,0
15392,1
15393,0
15394,0
15395,0
15396,1
15397,0
15398,0
15399,0
15400,1
15401,1
15402,0
15403,0
15404,0
15405,1
15406,0
15407,0
15408,0
15409,0
15410,1
15411,0
15412,1
15413,0
15414,0
15415,0
15416,0
15417,0
15418,0
15419,0
15420,0
15421,0
15422,0
15423,0
15424,1
15425,1
15426,1
15427,0
15428,0
15429,0
15430,1
15431,1
15432,0
15433,1
15434,0
15435,0
15436,1
15437,1
15438,0
15439,0
15440,1
15441,0
15442,1
15443,0
15444,1
15445,1
15446,0
15447,0
15448,0
15449,0
15450,0
15451,0
15452,0
15453,0
15454,0
15455,0
15456,0
15457,0
15458,0
15459,0
15460,1
15461,0
15462,1
15463,0
15464,0
15465,0
15466,0
15467,0
15468,0
15469,0
15470,0
15471,1
15472,0
15473,1
15474,0
15475,0
15476,0
15477,1
15478,0
15479,0
15480,0
15481,1
15482,0
15483,0
15484,0
15485,0
15486,0
15487,0
15488,1
15489,0
15490,0
15491,0
15492,0
15493,0
15494,0
15495,0
15496,0
15497,0
15498,1
15499,0
15500,1
15501,1
15502,0
15503,0
15504,1
15505,0
15506,0
15507,0
15508,0
15509,0
15510,0
15511,0
15512,1
15513,0
15514,0
15515,0
15516,0
15517,1
15518,0
15519,0
15520,0
15521,0
15522,0
15523,0
15524,0
15525,0
15526,0
15527,1
15528,0
15529,0
15530,0
15531,0
15532,0
15533,0
15534,0
15535,0
15536,0
15537,0
15538,0
15539,0
15540,0
15541,0
15542,0
15543,0
15544,0
15545,0
15546,0
15547,0
15548,0
15549,0
15550,0
15551,0
15552,0
15553,0
15554,0
15555,0
15556,1
15557,1
15558,0
15559,0
15560,1
15561,0
15562,0
15563,0
15564,0
15565,0
15566,0
15567,0
15568,0
15569,0
15570,0
15571,0
15572,1
15573,0
15574,1
15575,0
15576,0
15577,0
15578,0
15579,1
15580,0
15581,0
15582,0
15583,0
15584,0
15585,0
15586,1
15587,0
15588,1
15589,1
15590,1
15591,0
15592,0
15593,0
15594,0
15595,0
15596,0
15597,0
15598,0
15599,1
15600,0
15601,1
15602,0
15603,0
15604,0
15605,1
15606,0
15607,0
15608,0
15609,0
15610,0
15611,0
15612,0
15613,0
15614,0
15615,0
15616,0
15617,0
15618,0
15619,0
15620,0
15621,0
15622,0
15623,0
15624,0
15625,1
15626,1
15627,1
15628,0
15629,1
15630,0
15631,0
15632,0
15633,0
15634,0
15635,1
15636,1
15637,0
15638,0
15639,0
15640,0
15641,0
15642,0
15643,0
15644,0
15645,0
15646,0
15647,1
15648,1
15649,1
15650,0
15651,0
15652,0
15653,0
15654,0
15655,0
15656,0
15657,0
15658,0
15659,0
15660,1
15661,0
15662,0
15663,0
15664,0
15665,0
15666,1
15667,0
15668,0
15669,1
15670,0
15671,0
15672,0
15673,0
15674,0
15675,0
15676,0
15677,0
15678,0
15679,0
15680,1
15681,0
15682,0
15683,0
15684,1
15685,0
15686,0
15687,0
15688,0
15689,0
15690,0
15691,0
15692,0
15693,1
15694,0
15695,0
15696,0
15697,1
15698,0
15699,0
15700,1
15701,1
15702,0
15703,0
15704,0
15705,0
15706,0
15707,0
15708,0
15709,0
15710,0
15711,0
15712,0
15713,1
15714,0
15715,1
15716,0
15717,0
15718,0
15719,0
15720,0
15721,0
15722,0
15723,1
15724,0
15725,0
15726,0
15727,0
15728,1
15729,0
15730,0
15731,1
15732,1
15733,0
15734,0
15735,0
15736,0
15737,1
15738,0
15739,0
15740,0
15741,1
15742,0
15743,0
15744,1
15745,0
15746,0
15747,0
15748,1
15749,1
15750,0
15751,0
15752,0
15753,1
15754,1
15755,0
15756,0
15757,0
15758,0
15759,0
15760,0
15761,1
15762,0
15763,0
15764,0
15765,0
15766,0
15767,0
15768,0
15769,1
15770,1
15771,0
15772,0
15773,0
15774,0
15775,1
15776,0
15777,0
15778,0
15779,0
15780,0
15781,0
15782,1
15783,1
15784,0
15785,0
15786,0
15787,0
15788,0
15789,0
15790,0
15791,0
15792,0
15793,0
15794,0
15795,0
15796,0
15797,0
15798,0
15799,0
15800,1
15801,0
15802,0
15803,0
15804,0
15805,0
15806,0
15807,0
15808,1
15809,0
15810,1
15811,0
15812,0
15813,0
15814,1
15815,0
15816,0
15817,0
15818,1
15819,0
15820,1
15821,0
15822,1
15823,0
15824,1
15825,0
15826,1
15827,0
15828,0
15829,0
15830,0
15831,0
15832,0
15833,0
15834,1
15835,0
15836,0
15837,0
15838,0
15839,0
15840,0
15841,0
15842,0
15843,0
15844,0
15845,0
15846,1
15847,1
15848,0
15849,0
15850,0
15851,0
15852,0
15853,0
15854,0
15855,0
15856,0
15857,0
15858,0
15859,0
15860,1
15861,0
15862,0
15863,1
15864,0
15865,0
15866,0
15867,1
15868,1
15869,1
15870,0
15871,0
15872,0
15873,0
15874,1
15875,1
15876,0
15877,0
15878,0
15879,1
15880,0
15881,1
15882,0
15883,0
15884,0
15885,0
15886,1
15887,0
15888,0
15889,0
15890,0
15891,0
15892,0
15893,0
15894,0
15895,0
15896,0
15897,0
15898,0
15899,0
15900,0
15901,0
15902,0
15903,0
15904,0
15905,0
15906,0
15907,1
15908,0
15909,0
15910,0
15911,0
15912,0
15913,0
15914,0
15915,0
15916,0
15917,1
15918,0
15919,0
15920,0
15921,0
15922,0
15923,0
15924,0
15925,0
15926,0
15927,0
15928,0
15929,0
15930,0
15931,0
15932,0
15933,0
15934,0
15935,0
15936,0
15937,0
15938,0
15939,1
15940,1
15941,0
15942,0
15943,0
15944,0
15945,0
15946,0
15947,0
15948,1
15949,0
15950,0
15951,1
15952,1
15953,0
15954,1
15955,1
15956,0
15957,0
15958,0
15959,0
15960,1
15961,0
15962,0
15963,0
15964,0
15965,0
15966,0
15967,0
15968,0
15969,0
15970,0
15971,0
15972,0
15973,0
15974,0
15975,0
15976,1
15977,0
15978,0
15979,0
15980,0
15981,1
15982,0
15983,0
15984,0
15985,0
15986,0
15987,0
15988,0
15989,0
15990,0
15991,0
15992,0
15993,0
15994,0
15995,0
15996,0
15997,0
15998,1
15999,0
16000,1
16001,1
16002,0
16003,1
16004,0
16005,0
16006,1
16007,1
16008,0
16009,1
16010,0
16011,0
16012,0
16013,0
16014,1
16015,0
16016,0
16017,0
16018,0
16019,0
16020,0
16021,0
16022,0
16023,0
16024,0
16025,0
16026,0
16027,0
16028,0
16029,0
16030,0
16031,0
16032,0
16033,0
16034,0
16035,0
16036,1
16037,1
16038,0
16039,0
16040,0
16041,0
16042,0
16043,0
16044,0
16045,0
16046,1
16047,0
16048,0
16049,0
16050,0
16051,1
16052,0
16053,0
16054,0
16055,1
16056,0
16057,0
16058,0
16059,0
16060,1
16061,0
16062,0
16063,0
16064,0
16065,0
16066,1
16067,0
16068,1
16069,0
16070,0
16071,0
16072,0
16073,0
16074,0
16075,1
16076,0
16077,0
16078,0
16079,0
16080,1
16081,0
16082,1
16083,0
16084,1
16085,0
16086,0
16087,0
16088,1
16089,0
16090,0
16091,0
16092,0
16093,0
16094,0
16095,0
16096,0
16097,0
16098,0
16099,0
16100,0
16101,0
16102,0
16103,0
16104,0
16105,0
16106,0
16107,0
16108,0
16109,0
16110,0
16111,0
16112,0
16113,0
16114,0
16115,0
16116,0
16117,0
16118,0
16119,0
16120,0
16121,1
16122,0
16123,0
16124,0
16125,0
16126,0
16127,0
16128,0
16129,0
16130,0
16131,0
16132,1
16133,0
16134,0
16135,0
16136,0
16137,1
16138,1
16139,0
16140,0
16141,0
16142,0
16143,0
16144,0
16145,0
16146,0
16147,0
16148,0
16149,0
16150,0
16151,0
16152,0
16153,0
16154,0
16155,0
16156,0
16157,0
16158,0
16159,0
16160,1
16161,0
16162,1
16163,0
16164,1
16165,0
16166,0
16167,0
16168,0
16169,0
16170,0
16171,0
16172,1
16173,1
16174,0
16175,0
16176,0
16177,0
16178,0
16179,0
16180,0
16181,1
16182,0
16183,0
16184,0
16185,1
16186,0
16187,0
16188,1
16189,0
16190,0
16191,0
16192,0
16193,0
16194,0
16195,1
16196,0
16197,0
16198,0
16199,1
16200,0
16201,0
16202,0
16203,0
16204,0
16205,0
16206,0
16207,0
16208,0
16209,0
16210,0
16211,0
16212,0
16213,0
16214,0
16215,0
16216,0
16217,0
16218,1
16219,0
16220,1
16221,0
16222,0
16223,0
16224,0
16225,0
16226,0
16227,0
16228,0
16229,0
16230,0
16231,1
16232,0
16233,1
16234,0
16235,0
16236,0
16237,0
16238,0
16239,0
16240,1
16241,0
16242,0
16243,0
16244,1
16245,0
16246,0
16247,0
16248,0
16249,0
16250,0
16251,0
16252,1
16253,1
16254,0
16255,0
16256,0
16257,1
16258,0
16259,0
16260,0
16261,1
16262,1
16263,1
16264,0
16265,0
16266,1
16267,1
16268,0
16269,0
16270,0
16271,0
16272,1
16273,0
16274,0
16275,0
16276,0
16277,0
16278,0
16279,0
16280,1
16281,1
16282,0
16283,1
16284,0
16285,0
16286,0
16287,0
16288,0
16289,1
16290,0
16291,0
16292,0
16293,0
16294,0
16295,1
16296,1
16297,1
16298,1
16299,1
16300,0
16301,1
16302,0
16303,0
16304,0
16305,0
16306,0
16307,0
16308,0
16309,0
16310,0
16311,0
16312,0
16313,0
16314,0
16315,1
16316,0
16317,0
16318,0
16319,0
16320,0
16321,1
16322,0
16323,0
16324,0
16325,0
16326,0
16327,0
16328,0
16329,0
16330,0
16331,0
16332,0
16333,0
16334,0
16335,0
16336,0
16337,0
16338,1
16339,1
16340,0
16341,0
16342,0
16343,0
16344,0
16345,1
16346,0
16347,1
16348,0
16349,0
16350,0
16351,0
16352,0
16353,0
16354,0
16355,0
16356,0
16357,0
16358,1
16359,0
16360,0
16361,0
16362,0
16363,0
16364,0
16365,0
16366,0
16367,1
16368,0
16369,1
16370,0
16371,0
16372,0
16373,0
16374,0
16375,0
16376,0
16377,0
16378,0
16379,0
16380,0
16381,0
16382,0
16383,0
16384,0
16385,0
16386,1
16387,0
16388,1
16389,1
16390,0
16391,0
16392,0
16393,0
16394,0
16395,0
16396,1
16397,1
16398,0
16399,0
16400,0
16401,0
16402,1
16403,1
16404,1
16405,0
16406,0
16407,0
16408,0
16409,0
16410,0
16411,1
16412,0
16413,1
16414,0
16415,0
16416,1
16417,1
16418,0
16419,1
16420,0
16421,0
16422,0
16423,1
16424,0
16425,1
16426,0
16427,0
16428,1
16429,0
16430,0
16431,0
16432,0
16433,0
16434,1
16435,1
16436,0
16437,0
16438,1
16439,0
16440,0
16441,0
16442,0
16443,0
16444,0
16445,0
16446,0
16447,0
16448,0
16449,0
16450,1
16451,0
16452,0
16453,0
16454,1
16455,0
16456,0
16457,0
16458,0
16459,0
16460,1
16461,0
16462,0
16463,0
16464,1
16465,1
16466,0
16467,0
16468,0
16469,0
16470,0
16471,0
16472,1
16473,0
16474,0
16475,0
16476,0
16477,1
16478,0
16479,0
16480,0
16481,0
16482,0
16483,0
16484,0
16485,1
16486,0
16487,0
16488,0
16489,1
16490,0
16491,0
16492,0
16493,1
16494,0
16495,0
16496,1
16497,1
16498,0
16499,1
16500,1
16501,0
16502,0
16503,0
16504,0
16505,0
16506,0
16507,0
16508,0
16509,0
16510,0
16511,0
16512,1
16513,0
16514,1
16515,0
16516,0
16517,0
16518,0
16519,0
16520,0
16521,0
16522,0
16523,0
16524,1
16525,0
16526,0
16527,0
16528,0
16529,0
16530,1
16531,1
16532,0
16533,0
16534,0
16535,0
16536,0
16537,0
16538,0
16539,1
16540,0
16541,0
16542,0
16543,1
16544,0
16545,0
16546,0
16547,1
16548,1
16549,0
16550,0
16551,1
16552,0
16553,0
16554,0
16555,0
16556,0
16557,1
16558,1
16559,0
16560,0
16561,0
16562,0
16563,0
16564,1
16565,0
16566,0
16567,1
16568,0
16569,0
16570,0
16571,0
16572,1
16573,0
16574,1
16575,0
16576,0
16577,0
16578,0
16579,0
16580,0
16581,0
16582,0
16583,0
16584,0
16585,1
16586,0
16587,0
16588,0
16589,0
16590,0
16591,0
16592,0
16593,1
16594,0
16595,0
16596,0
16597,0
16598,0
16599,0
16600,1
16601,1
16602,0
16603,0
16604,0
16605,0
16606,0
16607,0
16608,1
16609,0
16610,0
16611,1
16612,0
16613,0
16614,1
16615,1
16616,0
16617,0
16618,0
16619,0
16620,0
16621,0
16622,0
16623,0
16624,0
16625,0
16626,1
16627,0
16628,1
16629,0
16630,0
16631,1
16632,0
16633,1
16634,0
16635,0
16636,0
16637,0
16638,1
16639,0
16640,0
16641,0
16642,0
16643,0
16644,0
16645,0
16646,0
16647,0
16648,0
16649,0
16650,0
16651,0
16652,0
16653,0
16654,0
16655,1
16656,1
16657,0
16658,0
16659,0
16660,0
16661,0
16662,0
16663,1
16664,1
16665,0
16666,0
16667,0
16668,1
16669,0
16670,0
16671,0
16672,0
16673,0
16674,0
16675,0
16676,0
16677,0
16678,0
16679,0
16680,0
16681,0
16682,0
16683,0
16684,0
16685,0
16686,0
16687,0
16688,0
16689,0
16690,0
16691,0
16692,0
16693,0
16694,0
16695,1
16696,0
16697,1
16698,0
16699,1
16700,0
16701,0
16702,1
16703,0
16704,1
16705,0
16706,0
16707,0
16708,0
16709,0
16710,0
16711,0
16712,0
16713,0
16714,0
16715,0
16716,0
16717,0
16718,0
16719,1
16720,0
16721,0
16722,0
16723,0
16724,0
16725,0
16726,0
16727,0
16728,0
16729,1
16730,0
16731,0
16732,0
16733,0
16734,0
16735,0
16736,0
16737,0
16738,1
16739,0
16740,0
16741,1
16742,1
16743,1
16744,0
16745,0
16746,0
16747,0
16748,0
16749,0
16750,0
16751,1
16752,0
16753,0
16754,0
16755,1
16756,1
16757,0
16758,0
16759,1
16760,0
16761,1
16762,0
16763,0
16764,0
16765,0
16766,0
16767,1
16768,1
16769,0
16770,0
16771,1
16772,0
16773,0
16774,0
16775,0
16776,0
16777,0
16778,1
16779,0
16780,1
16781,1
16782,0
16783,0
16784,0
16785,0
16786,0
16787,0
16788,0
16789,1
16790,1
16791,0
16792,0
16793,0
16794,0
16795,0
16796,0
16797,0
16798,0
16799,1
16800,0
16801,0
16802,0
16803,0
16804,0
16805,0
16806,0
16807,0
16808,0
16809,0
16810,0
16811,1
16812,1
16813,0
16814,0
16815,0
16816,0
16817,1
16818,0
16819,0
16820,0
16821,0
16822,0
16823,0
16824,0
16825,0
16826,0
16827,0
16828,1
16829,0
16830,0
16831,0
16832,0
16833,0
16834,0
16835,0
16836,1
16837,0
16838,0
16839,0
16840,0
16841,0
16842,1
16843,0
16844,0
16845,0
16846,0
16847,0
16848,1
16849,0
16850,1
16851,0
16852,1
16853,1
16854,0
16855,0
16856,0
16857,0
16858,0
16859,1
16860,0
16861,0
16862,1
16863,0
16864,1
16865,0
16866,1
16867,0
16868,0
16869,0
16870,0
16871,0
16872,1
16873,0
16874,0
16875,0
16876,0
16877,0
16878,0
16879,0
16880,1
16881,0
16882,0
16883,1
16884,0
16885,1
16886,0
16887,0
16888,0
16889,1
16890,1
16891,0
16892,0
16893,0
16894,1
16895,0
16896,0
16897,0
16898,0
16899,0
16900,1
16901,0
16902,0
16903,0
16904,1
16905,0
16906,0
16907,0
16908,0
16909,1
16910,0
16911,1
16912,0
16913,1
16914,0
16915,0
16916,0
16917,0
16918,0
16919,1
16920,0
16921,0
16922,0
16923,0
16924,0
16925,0
16926,0
16927,0
16928,0
16929,0
16930,0
16931,0
16932,0
16933,0
16934,0
16935,0
16936,0
16937,0
16938,1
16939,0
16940,1
16941,0
16942,1
16943,0
16944,0
16945,0
16946,0
16947,0
16948,1
16949,0
16950,0
16951,0
16952,1
16953,0
16954,0
16955,0
16956,0
16957,0
16958,0
16959,0
16960,0
16961,0
16962,0
16963,0
16964,0
16965,0
16966,0
16967,0
16968,0
16969,0
16970,1
16971,0
16972,0
16973,0
16974,0
16975,1
16976,0
16977,0
16978,1
16979,0
16980,0
16981,1
16982,1
16983,1
16984,1
16985,0
16986,0
16987,1
16988,0
16989,0
16990,0
16991,0
16992,0
16993,0
16994,0
16995,0
16996,0
16997,0
16998,0
16999,0
17000,0
17001,1
17002,1
17003,1
17004,0
17005,0
17006,0
17007,0
17008,0
17009,1
17010,0
17011,0
17012,0
17013,0
17014,0
17015,0
17016,0
17017,0
17018,0
17019,1
17020,0
17021,1
17022,0
17023,1
17024,0
17025,0
17026,0
17027,1
17028,0
17029,0
17030,0
17031,0
17032,1
17033,0
17034,0
17035,0
17036,1
17037,0
17038,0
17039,0
17040,0
17041,0
17042,0
17043,1
17044,1
17045,1
17046,0
17047,0
17048,0
17049,0
17050,1
17051,0
17052,1
17053,0
17054,0
17055,0
17056,1
17057,0
17058,0
17059,0
17060,0
17061,0
17062,0
17063,0
17064,0
17065,0
17066,0
17067,0
17068,1
17069,0
17070,0
17071,0
17072,0
17073,0
17074,0
17075,0
17076,0
17077,0
17078,0
17079,0
17080,0
17081,0
17082,0
17083,0
17084,0
17085,0
17086,0
17087,1
17088,0
17089,0
17090,0
17091,0
17092,0
17093,0
17094,1
17095,0
17096,0
17097,0
17098,0
17099,1
17100,0
17101,0
17102,1
17103,0
17104,0
17105,0
17106,0
17107,0
17108,0
17109,0
17110,1
17111,0
17112,0
17113,0
17114,0
17115,0
17116,1
17117,1
17118,0
17119,0
17120,0
17121,0
17122,1
17123,0
17124,0
17125,0
17126,0
17127,1
17128,0
17129,0
17130,0
17131,0
17132,0
17133,0
17134,0
17135,0
17136,0
17137,0
17138,0
17139,0
17140,0
17141,0
17142,0
17143,1
17144,0
17145,0
17146,0
17147,1
17148,1
17149,0
17150,0
17151,0
17152,1
17153,0
17154,0
17155,0
17156,1
17157,0
17158,0
17159,1
17160,0
17161,0
17162,0
17163,0
17164,1
17165,0
17166,0
17167,0
17168,0
17169,0
17170,0
17171,0
17172,0
17173,0
17174,0
17175,0
17176,1
17177,0
17178,0
17179,0
17180,0
17181,0
17182,0
17183,0
17184,1
17185,0
17186,0
17187,0
17188,1
17189,1
17190,1
17191,0
17192,1
17193,0
17194,0
17195,0
17196,0
17197,0
17198,1
17199,0
17200,0
17201,1
17202,0
17203,0
17204,0
17205,1
17206,0
17207,1
17208,0
17209,0
17210,1
17211,0
17212,0
17213,0
17214,0
17215,0
17216,0
17217,0
17218,1
17219,1
17220,1
17221,0
17222,1
17223,0
17224,0
17225,0
17226,0
17227,0
17228,0
17229,1
17230,0
17231,0
17232,0
17233,0
17234,1
17235,0
17236,0
17237,0
17238,0
17239,0
17240,1
17241,0
17242,0
17243,0
17244,0
17245,0
17246,0
17247,0
17248,1
17249,0
17250,0
17251,0
17252,0
17253,0
17254,0
17255,0
17256,0
17257,0
17258,0
17259,0
17260,1
17261,1
17262,0
17263,0
17264,0
17265,0
17266,0
17267,1
17268,1
17269,1
17270,0
17271,0
17272,0
17273,0
17274,0
17275,1
17276,1
17277,1
17278,0
17279,1
17280,1
17281,0
17282,0
17283,0
17284,0
17285,0
17286,0
17287,0
17288,0
17289,1
17290,1
17291,0
17292,0
17293,0
17294,0
17295,1
17296,0
17297,1
17298,0
17299,0
17300,0
17301,0
17302,0
17303,0
17304,0
17305,0
17306,0
17307,0
17308,0
17309,1
17310,1
17311,0
17312,0
17313,0
17314,0
17315,0
17316,0
17317,0
17318,0
17319,0
17320,0
17321,1
17322,1
17323,0
17324,0
17325,0
17326,1
17327,1
17328,0
17329,1
17330,0
17331,0
17332,1
17333,1
17334,0
17335,1
17336,0
17337,0
17338,0
17339,0
17340,0
17341,0
17342,0
17343,0
17344,0
17345,0
17346,1
17347,0
17348,1
17349,0
17350,0
17351,1
17352,0
17353,0
17354,0
17355,1
17356,0
17357,0
17358,0
17359,0
17360,0
17361,0
17362,0
17363,0
17364,0
17365,1
17366,0
17367,1
17368,0
17369,0
17370,0
17371,0
17372,0
17373,1
17374,0
17375,0
17376,1
17377,0
17378,0
17379,0
17380,0
17381,0
17382,1
17383,0
17384,0
17385,0
17386,0
17387,1
17388,0
17389,0
17390,1
17391,1
17392,1
17393,0
17394,0
17395,0
17396,0
17397,0
17398,0
17399,0
17400,0
17401,0
17402,0
17403,0
17404,0
17405,0
17406,0
17407,0
17408,0
17409,0
17410,1
17411,0
17412,0
17413,0
17414,0
17415,0
17416,0
17417,0
17418,0
17419,0
17420,0
17421,0
17422,0
17423,0
17424,0
17425,1
17426,0
17427,0
17428,0
17429,1
17430,0
17431,0
17432,0
17433,0
17434,0
17435,1
17436,1
17437,0
17438,0
17439,0
17440,0
17441,0
17442,0
17443,0
17444,0
17445,0
17446,1
17447,0
17448,0
17449,0
17450,0
17451,0
17452,0
17453,0
17454,0
17455,1
17456,0
17457,0
17458,1
17459,0
17460,0
17461,1
17462,0
17463,1
17464,0
17465,0
17466,0
17467,1
17468,1
17469,0
17470,0
17471,1
17472,0
17473,0
17474,0
17475,0
17476,0
17477,0
17478,0
17479,0
17480,0
17481,1
17482,0
17483,0
17484,0
17485,1
17486,0
17487,0
17488,0
17489,0
17490,0
17491,0
17492,0
17493,0
17494,0
17495,0
17496,0
17497,0
17498,0
17499,0
17500,0
17501,1
17502,0
17503,0
17504,1
17505,0
17506,0
17507,0
17508,0
17509,0
17510,0
17511,0
17512,1
17513,0
17514,0
17515,0
17516,0
17517,0
17518,1
17519,0
17520,0
17521,1
17522,0
17523,0
17524,0
17525,1
17526,0
17527,0
17528,0
17529,0
17530,0
17531,0
17532,0
17533,0
17534,0
17535,0
17536,0
17537,0
17538,0
17539,0
17540,1
17541,0
17542,0
17543,0
17544,0
17545,1
17546,0
17547,0
17548,0
17549,0
17550,0
17551,0
17552,0
17553,1
17554,1
17555,1
17556,0
17557,0
17558,0
17559,0
17560,1
17561,0
17562,0
17563,0
17564,1
17565,0
17566,0
17567,1
17568,0
17569,0
17570,0
17571,0
17572,1
17573,0
17574,0
17575,0
17576,0
17577,0
17578,0
17579,1
17580,0
17581,0
17582,0
17583,0
17584,0
17585,0
17586,0
17587,0
17588,0
17589,0
17590,1
17591,0
17592,0
17593,1
17594,0
17595,0
17596,0
17597,0
17598,1
17599,1
17600,0
17601,0
17602,0
17603,0
17604,0
17605,0
17606,0
17607,0
17608,0
17609,0
17610,1
17611,0
17612,1
17613,0
17614,0
17615,0
17616,1
17617,0
17618,1
17619,0
17620,0
17621,0
17622,0
17623,0
17624,0
17625,0
17626,1
17627,0
17628,0
17629,0
17630,1
17631,0
17632,1
17633,0
17634,1
17635,0
17636,0
17637,0
17638,0
17639,0
17640,0
17641,0
17642,0
17643,0
17644,0
17645,1
17646,1
17647,0
17648,0
17649,0
17650,0
17651,0
17652,0
17653,0
17654,0
17655,1
17656,0
17657,0
17658,0
17659,0
17660,0
17661,0
17662,0
17663,0
17664,0
17665,0
17666,0
17667,1
17668,0
17669,0
17670,0
17671,1
17672,1
17673,0
17674,0
17675,1
17676,0
17677,0
17678,0
17679,0
17680,0
17681,0
17682,0
17683,0
17684,1
17685,1
17686,1
17687,1
17688,0
17689,0
17690,1
17691,0
17692,1
17693,0
17694,1
17695,1
17696,0
17697,0
17698,0
17699,0
17700,0
17701,0
17702,0
17703,0
17704,0
17705,0
17706,0
17707,0
17708,1
17709,1
17710,0
17711,0
17712,0
17713,0
17714,0
17715,0
17716,1
17717,0
17718,0
17719,1
17720,0
17721,1
17722,1
17723,0
17724,0
17725,0
17726,0
17727,0
17728,0
17729,1
17730,1
17731,0
17732,0
17733,1
17734,1
17735,1
17736,0
17737,0
17738,0
17739,0
17740,0
17741,0
17742,0
17743,1
17744,0
17745,0
17746,0
17747,1
17748,0
17749,0
17750,0
17751,1
17752,0
17753,0
17754,1
17755,0
17756,0
17757,1
17758,0
17759,0
17760,0
17761,0
17762,0
17763,0
17764,1
17765,0
17766,0
17767,0
17768,1
17769,0
17770,0
17771,0
17772,1
17773,0
17774,0
17775,0
17776,0
17777,0
17778,1
17779,0
17780,0
17781,0
17782,0
17783,0
17784,0
17785,1
17786,0
17787,0
17788,0
17789,1
17790,0
17791,1
17792,0
17793,0
17794,0
17795,0
17796,0
17797,1
17798,0
17799,0
17800,0
17801,0
17802,0
17803,1
17804,0
17805,0
17806,0
17807,0
17808,1
17809,1
17810,0
17811,0
17812,0
17813,1
17814,0
17815,0
17816,1
17817,0
17818,0
17819,0
17820,1
17821,0
17822,0
17823,1
17824,0
17825,0
17826,1
17827,0
17828,0
17829,1
17830,0
17831,0
17832,1
17833,0
17834,1
17835,0
17836,0
17837,0
17838,1
17839,0
17840,0
17841,0
17842,0
17843,0
17844,0
17845,0
17846,0
17847,0
17848,0
17849,1
17850,0
17851,0
17852,0
17853,0
17854,1
17855,0
17856,0
17857,0
17858,0
17859,1
17860,1
17861,0
17862,0
17863,0
17864,0
17865,0
17866,0
17867,0
17868,1
17869,0
17870,0
17871,0
17872,0
17873,0
17874,0
17875,0
17876,0
17877,0
17878,0
17879,0
17880,1
17881,0
17882,0
17883,0
17884,1
17885,0
17886,0
17887,0
17888,0
17889,0
17890,1
17891,0
17892,0
17893,0
17894,1
17895,0
17896,0
17897,1
17898,0
17899,0
17900,0
17901,0
17902,1
17903,0
17904,0
17905,0
17906,0
17907,0
17908,0
17909,0
17910,0
17911,0
17912,0
17913,0
17914,1
17915,0
17916,0
17917,0
17918,0
17919,0
17920,1
17921,0
17922,1
17923,0
17924,0
17925,0
17926,0
17927,0
17928,0
17929,0
17930,0
17931,0
17932,0
17933,0
17934,1
17935,0
17936,0
17937,0
17938,0
17939,0
17940,0
17941,0
17942,0
17943,1
17944,0
17945,1
17946,0
17947,0
17948,0
17949,0
17950,0
17951,0
17952,1
17953,1
17954,0
17955,0
17956,0
17957,0
17958,1
17959,0
17960,0
17961,0
17962,0
17963,0
17964,0
17965,0
17966,0
17967,0
17968,0
17969,0
17970,0
17971,1
17972,0
17973,0
17974,0
17975,0
17976,0
17977,0
17978,1
17979,0
17980,0
17981,0
17982,0
17983,1
17984,0
17985,1
17986,1
17987,1
17988,0
17989,1
17990,0
17991,1
17992,0
17993,0
17994,0
17995,1
17996,1
17997,1
17998,0
17999,0
18000,0
18001,0
18002,0
18003,0
18004,0
18005,0
18006,0
18007,1
18008,0
18009,0
18010,1
18011,0
18012,1
18013,0
18014,1
18015,1
18016,0
18017,0
18018,0
18019,0
18020,1
18021,1
18022,0
18023,1
18024,1
18025,0
18026,1
18027,1
18028,0
18029,0
18030,1
18031,0
18032,0
18033,0
18034,0
18035,1
18036,0
18037,1
18038,0
18039,0
18040,0
18041,0
18042,0
18043,1
18044,0
18045,0
18046,0
18047,0
18048,0
18049,0
18050,0
18051,1
18052,0
18053,0
18054,1
18055,0
18056,0
18057,0
18058,0
18059,0
18060,0
18061,0
18062,0
18063,0
18064,0
18065,0
18066,0
18067,0
18068,0
18069,0
18070,0
18071,1
18072,0
18073,0
18074,0
18075,0
18076,0
18077,0
18078,0
18079,0
18080,1
18081,0
18082,0
18083,0
18084,0
18085,0
18086,0
18087,1
18088,1
18089,0
18090,1
18091,0
18092,0
18093,1
18094,0
18095,0
18096,0
18097,0
18098,0
18099,1
18100,0
18101,0
18102,0
18103,0
18104,0
18105,0
18106,0
18107,0
18108,0
18109,0
18110,0
18111,0
18112,0
18113,0
18114,1
18115,0
18116,1
18117,0
18118,0
18119,1
18120,0
18121,0
18122,0
18123,0
18124,0
18125,0
18126,0
18127,0
18128,0
18129,0
18130,1
18131,0
18132,0
18133,0
18134,0
18135,1
18136,1
18137,0
18138,0
18139,0
18140,0
18141,0
18142,0
18143,0
18144,0
18145,0
18146,0
18147,1
18148,0
18149,0
18150,1
18151,0
18152,0
18153,0
18154,0
18155,0
18156,0
18157,0
18158,0
18159,0
18160,0
18161,0
18162,1
18163,0
18164,0
18165,0
18166,1
18167,0
18168,0
18169,0
18170,0
18171,0
18172,0
18173,0
18174,0
18175,0
18176,0
18177,0
18178,0
18179,0
18180,1
18181,0
18182,0
18183,0
18184,0
18185,1
18186,0
18187,1
18188,0
18189,0
18190,0
18191,0
18192,0
18193,0
18194,0
18195,0
18196,0
18197,0
18198,0
18199,0
18200,0
18201,0
18202,0
18203,0
18204,0
18205,0
18206,0
18207,0
18208,0
18209,1
18210,0
18211,1
18212,0
18213,0
18214,0
18215,0
18216,0
18217,1
18218,0
18219,1
18220,0
18221,0
18222,1
18223,0
18224,0
18225,0
18226,1
18227,1
18228,1
18229,0
18230,0
18231,0
18232,0
18233,0
18234,0
18235,0
18236,1
18237,0
18238,0
18239,0
18240,0
18241,1
18242,0
18243,0
18244,0
18245,0
18246,0
18247,0
18248,1
18249,0
18250,0
18251,0
18252,0
18253,0
18254,0
18255,0
18256,1
18257,1
18258,0
18259,0
18260,0
18261,1
18262,0
18263,0
18264,0
18265,1
18266,0
18267,0
18268,0
18269,0
18270,0
18271,0
18272,1
18273,0
18274,0
18275,0
18276,0
18277,0
18278,0
18279,0
18280,0
18281,0
18282,0
18283,0
18284,0
18285,0
18286,0
18287,1
18288,0
18289,0
18290,0
18291,0
18292,0
18293,0
18294,0
18295,1
18296,0
18297,0
18298,0
18299,0
18300,0
18301,1
18302,0
18303,0
18304,0
18305,0
18306,0
18307,0
18308,0
18309,1
18310,1
18311,0
18312,0
18313,0
18314,1
18315,0
18316,0
18317,0
18318,0
18319,0
18320,0
18321,0
18322,1
18323,0
18324,0
18325,0
18326,1
18327,0
18328,0
18329,1
18330,0
18331,1
18332,0
18333,1
18334,0
18335,0
18336,0
18337,0
18338,0
18339,1
18340,0
18341,0
18342,0
18343,1
18344,0
18345,0
18346,0
18347,1
18348,0
18349,0
18350,0
18351,0
18352,1
18353,0
18354,0
18355,0
18356,1
18357,0
18358,1
18359,0
18360,0
18361,0
18362,0
18363,1
18364,0
18365,0
18366,0
18367,1
18368,0
18369,0
18370,0
18371,0
18372,0
18373,0
18374,1
18375,0
18376,0
18377,0
18378,0
18379,0
18380,0
18381,0
18382,0
18383,1
18384,0
18385,0
18386,0
18387,0
18388,0
18389,0
18390,0
18391,0
18392,1
18393,0
18394,0
18395,0
18396,0
18397,0
18398,0
18399,0
18400,0
18401,0
18402,0
18403,1
18404,0
18405,0
18406,0
18407,0
18408,0
18409,1
18410,1
18411,0
18412,0
18413,0
18414,1
18415,0
18416,1
18417,0
18418,0
18419,0
18420,0
18421,0
18422,0
18423,0
18424,0
18425,0
18426,0
18427,0
18428,0
18429,0
18430,1
18431,0
18432,0
18433,0
18434,0
18435,1
18436,0
18437,1
18438,0
18439,0
18440,0
18441,0
18442,0
18443,0
18444,0
18445,1
18446,0
18447,0
18448,0
18449,0
18450,0
18451,0
18452,1
18453,0
18454,0
18455,0
18456,0
18457,0
18458,0
18459,0
18460,0
18461,0
18462,0
18463,1
18464,0
18465,0
18466,0
18467,0
18468,0
18469,0
18470,0
18471,0
18472,0
18473,1
18474,0
18475,0
18476,0
18477,0
18478,0
18479,0
18480,0
18481,0
18482,0
18483,0
18484,1
18485,1
18486,0
18487,0
18488,0
18489,1
18490,0
18491,0
18492,0
18493,0
18494,0
18495,0
18496,0
18497,0
18498,0
18499,1
18500,0
18501,0
18502,0
18503,0
18504,0
18505,0
18506,0
18507,0
18508,0
18509,0
18510,1
18511,0
18512,0
18513,0
18514,0
18515,1
18516,0
18517,0
18518,0
18519,0
18520,0
18521,1
18522,0
18523,0
18524,0
18525,0
18526,0
18527,0
18528,0
18529,0
18530,0
18531,1
18532,0
18533,0
18534,0
18535,0
18536,1
18537,1
18538,0
18539,1
18540,0
18541,0
18542,1
18543,0
18544,0
18545,0
18546,0
18547,0
18548,0
18549,0
18550,1
18551,0
18552,0
18553,0
18554,0
18555,0
18556,0
18557,0
18558,1
18559,1
18560,0
18561,0
18562,1
18563,1
18564,0
18565,0
18566,0
18567,0
18568,0
18569,0
18570,0
18571,0
18572,0
18573,0
18574,0
18575,0
18576,0
18577,0
18578,0
18579,1
18580,0
18581,0
18582,0
18583,0
18584,0
18585,1
18586,0
18587,0
18588,1
18589,0
18590,0
18591,0
18592,0
18593,0
18594,0
18595,1
18596,0
18597,0
18598,1
18599,0
18600,0
18601,1
18602,0
18603,0
18604,0
18605,1
18606,0
18607,0
18608,0
18609,0
18610,0
18611,0
18612,0
18613,0
18614,0
18615,1
18616,1
18617,0
18618,0
18619,0
18620,0
18621,0
18622,1
18623,0
18624,0
18625,1
18626,0
18627,0
18628,0
18629,0
18630,0
18631,1
18632,0
18633,0
18634,0
18635,0
18636,0
18637,0
18638,1
18639,0
18640,0
18641,0
18642,1
18643,0
18644,1
18645,0
18646,1
18647,0
18648,0
18649,0
18650,0
18651,1
18652,0
18653,0
18654,0
18655,0
18656,0
18657,0
18658,1
18659,0
18660,0
18661,0
18662,1
18663,1
18664,0
18665,0
18666,0
18667,0
18668,0
18669,0
18670,0
18671,1
18672,0
18673,0
18674,0
18675,0
18676,1
18677,0
18678,0
18679,0
18680,0
18681,1
18682,0
18683,0
18684,1
18685,0
18686,0
18687,0
18688,1
18689,0
18690,0
18691,0
18692,1
18693,0
18694,0
18695,0
18696,1
18697,0
18698,0
18699,0
18700,0
18701,0
18702,0
18703,0
18704,0
18705,0
18706,1
18707,1
18708,0
18709,0
18710,0
18711,0
18712,1
18713,1
18714,0
18715,1
18716,0
18717,0
18718,0
18719,1
18720,0
18721,0
18722,0
18723,0
18724,0
18725,0
18726,0
18727,0
18728,0
18729,1
18730,0
18731,0
18732,0
18733,0
18734,0
18735,0
18736,1
18737,1
18738,1
18739,0
18740,0
18741,1
18742,0
18743,0
18744,0
18745,0
18746,1
18747,0
18748,0
18749,0
18750,0
18751,0
18752,0
18753,1
18754,0
18755,0
18756,1
18757,0
18758,0
18759,0
18760,0
18761,0
18762,0
18763,1
18764,0
18765,1
18766,0
18767,0
18768,0
18769,1
18770,1
18771,0
18772,0
18773,0
18774,0
18775,0
18776,0
18777,0
18778,0
18779,1
18780,1
18781,0
18782,0
18783,0
18784,0
18785,0
18786,1
18787,0
18788,1
18789,0
18790,1
18791,0
18792,0
18793,1
18794,0
18795,1
18796,0
18797,0
18798,0
18799,0
18800,0
18801,1
18802,0
18803,0
18804,0
18805,0
18806,0
18807,0
18808,1
18809,0
18810,0
18811,0
18812,0
18813,0
18814,1
18815,1
18816,0
18817,0
18818,0
18819,0
18820,0
18821,0
18822,1
18823,1
18824,0
18825,0
18826,0
18827,0
18828,0
18829,1
18830,1
18831,0
18832,0
18833,0
18834,0
18835,0
18836,0
18837,1
18838,0
18839,0
18840,1
18841,1
18842,0
18843,0
18844,0
18845,0
18846,0
18847,0
18848,0
18849,0
18850,0
18851,0
18852,0
18853,0
18854,0
18855,1
18856,0
18857,0
18858,0
18859,0
18860,0
18861,0
18862,0
18863,0
18864,0
18865,0
18866,1
18867,0
18868,1
18869,0
18870,0
18871,0
18872,0
18873,0
18874,0
18875,0
18876,0
18877,0
18878,0
18879,0
18880,1
18881,0
18882,0
18883,0
18884,1
18885,0
18886,0
18887,0
18888,0
18889,0
18890,0
18891,0
18892,0
18893,0
18894,0
18895,0
18896,0
18897,0
18898,0
18899,0
18900,0
18901,0
18902,0
18903,0
18904,0
18905,0
18906,0
18907,0
18908,1
18909,0
18910,0
18911,0
18912,0
18913,0
18914,1
18915,0
18916,0
18917,0
18918,1
18919,0
18920,1
18921,0
18922,0
18923,0
18924,0
18925,0
18926,0
18927,0
18928,0
18929,1
18930,0
18931,0
18932,1
18933,0
18934,0
18935,0
18936,1
18937,0
18938,1
18939,0
18940,0
18941,0
18942,0
18943,0
18944,0
18945,0
18946,0
18947,0
18948,0
18949,0
18950,0
18951,0
18952,0
18953,0
18954,0
18955,0
18956,0
18957,0
18958,0
18959,0
18960,0
18961,0
18962,0
18963,1
18964,0
18965,1
18966,1
18967,0
18968,0
18969,0
18970,1
18971,0
18972,1
18973,1
18974,1
18975,0
18976,1
18977,0
18978,1
18979,0
18980,1
18981,0
18982,0
18983,0
18984,0
18985,1
18986,0
18987,0
18988,0
18989,0
18990,0
18991,0
18992,0
18993,0
18994,0
18995,0
18996,0
18997,0
18998,0
18999,0
19000,1
19001,0
19002,0
19003,0
19004,0
19005,0
19006,0
19007,0
19008,0
19009,0
19010,0
19011,1
19012,1
19013,0
19014,1
19015,0
19016,0
19017,1
19018,0
19019,0
19020,0
19021,0
19022,0
19023,0
19024,0
19025,1
19026,1
19027,0
19028,0
19029,0
19030,0
19031,0
19032,1
19033,0
19034,1
19035,0
19036,1
19037,0
19038,0
19039,0
19040,1
19041,1
19042,1
19043,0
19044,0
19045,1
19046,1
19047,1
19048,0
19049,0
19050,1
19051,0
19052,0
19053,1
19054,0
19055,1
19056,1
19057,0
19058,0
19059,0
19060,1
19061,0
19062,1
19063,1
19064,0
19065,0
19066,0
19067,0
19068,1
19069,0
19070,1
19071,0
19072,0
19073,0
19074,0
19075,0
19076,0
19077,0
19078,1
19079,1
19080,0
19081,0
19082,0
19083,0
19084,1
19085,0
19086,0
19087,0
19088,0
19089,0
19090,0
19091,0
19092,1
19093,0
19094,0
19095,0
19096,0
19097,0
19098,1
19099,0
19100,0
19101,0
19102,0
19103,0
19104,0
19105,0
19106,0
19107,0
19108,0
19109,0
19110,0
19111,1
19112,0
19113,0
19114,0
19115,0
19116,0
19117,0
19118,1
19119,0
19120,0
19121,0
19122,0
19123,0
19124,0
19125,0
19126,0
19127,0
19128,1
19129,0
19130,1
19131,0
19132,0
19133,0
19134,0
19135,0
19136,0
19137,0
19138,0
19139,0
19140,0
19141,1
19142,0
19143,1
19144,0
19145,0
19146,0
19147,0
19148,0
19149,0
19150,0
19151,0
19152,1
19153,0
19154,0
19155,0
19156,1
19157,0
19158,1
19159,0
19160,0
19161,0
19162,1
19163,1
19164,0
19165,0
19166,0
19167,1
19168,1
19169,0
19170,0
19171,0
19172,1
19173,0
19174,0
19175,1
19176,0
19177,0
19178,0
19179,0
19180,1
19181,0
19182,0
19183,0
19184,0
19185,0
19186,0
19187,0
19188,1
19189,1
19190,0
19191,0
19192,0
19193,0
19194,0
19195,0
19196,0
19197,0
19198,0
19199,0
19200,1
19201,0
19202,0
19203,0
19204,0
19205,0
19206,0
19207,0
19208,0
19209,0
19210,0
19211,1
19212,1
19213,0
19214,0
19215,0
19216,0
19217,0
19218,0
19219,0
19220,1
19221,0
19222,1
19223,0
19224,0
19225,0
19226,1
19227,1
19228,0
19229,0
19230,0
19231,0
19232,0
19233,0
19234,0
19235,0
19236,0
19237,0
19238,0
19239,1
19240,1
19241,1
19242,0
19243,0
19244,0
19245,0
19246,1
19247,0
19248,0
19249,0
19250,1
19251,0
19252,0
19253,1
19254,0
19255,0
19256,1
19257,0
19258,1
19259,1
19260,0
19261,0
19262,0
19263,0
19264,0
19265,0
19266,0
19267,0
19268,0
19269,0
19270,1
19271,0
19272,0
19273,0
19274,0
19275,0
19276,0
19277,0
19278,0
19279,0
19280,0
19281,0
19282,0
19283,0
19284,0
19285,0
19286,1
19287,0
19288,1
19289,1
19290,0
19291,0
19292,0
19293,0
19294,0
19295,0
19296,1
19297,1
19298,0
19299,0
19300,0
19301,0
19302,0
19303,1
19304,0
19305,0
19306,0
19307,0
19308,0
19309,0
19310,0
19311,0
19312,0
19313,0
19314,1
19315,0
19316,0
19317,0
19318,0
19319,0
19320,0
19321,0
19322,0
19323,1
19324,1
19325,1
19326,0
19327,0
19328,0
19329,0
19330,0
19331,0
19332,0
19333,0
19334,0
19335,0
19336,0
19337,1
19338,1
19339,1
19340,0
19341,0
19342,0
19343,0
19344,0
19345,0
19346,0
19347,0
19348,1
19349,0
19350,0
19351,0
19352,0
19353,0
19354,0
19355,0
19356,0
19357,1
19358,0
19359,0
19360,0
19361,0
19362,0
19363,0
19364,0
19365,0
19366,0
19367,0
19368,0
19369,0
19370,0
19371,0
19372,0
19373,0
19374,0
19375,0
19376,0
19377,1
19378,0
19379,0
19380,0
19381,0
19382,1
19383,0
19384,0
19385,0
19386,0
19387,0
19388,0
19389,0
19390,1
19391,0
19392,0
19393,0
19394,0
19395,1
19396,0
19397,1
19398,0
19399,1
19400,0
19401,0
19402,0
19403,0
19404,0
19405,0
19406,1
19407,0
19408,0
19409,0
19410,0
19411,0
19412,0
19413,0
19414,0
19415,1
19416,1
19417,0
19418,0
19419,0
19420,0
19421,0
19422,0
19423,1
19424,0
19425,0
19426,1
19427,0
19428,1
19429,0
19430,0
19431,0
19432,0
19433,0
19434,0
19435,1
19436,0
19437,0
19438,0
19439,0
19440,0
19441,0
19442,0
19443,1
19444,1
19445,1
19446,0
19447,0
19448,0
19449,0
19450,0
19451,1
19452,0
19453,0
19454,0
19455,0
19456,0
19457,0
19458,0
19459,0
19460,0
19461,0
19462,0
19463,0
19464,1
19465,1
19466,0
19467,0
19468,0
19469,0
19470,0
19471,1
19472,1
19473,0
19474,0
19475,0
19476,1
19477,0
19478,0
19479,0
19480,0
19481,0
19482,0
19483,0
19484,0
19485,0
19486,0
19487,0
19488,0
19489,0
19490,0
19491,0
19492,0
19493,0
19494,0
19495,1
19496,1
19497,0
19498,0
19499,0
19500,0
19501,0
19502,0
19503,1
19504,0
19505,0
19506,0
19507,0
19508,0
19509,0
19510,0
19511,0
19512,1
19513,0
19514,0
19515,0
19516,0
19517,0
19518,0
19519,0
19520,0
19521,0
19522,0
19523,1
19524,1
19525,1
19526,1
19527,0
19528,1
19529,0
19530,0
19531,0
19532,0
19533,0
19534,0
19535,1
19536,1
19537,0
19538,0
19539,0
19540,0
19541,1
19542,0
19543,0
19544,1
19545,1
19546,0
19547,0
19548,0
19549,0
19550,0
19551,1
19552,0
19553,0
19554,1
19555,0
19556,0
19557,1
19558,0
19559,0
19560,0
19561,1
19562,0
19563,1
19564,0
19565,0
19566,0
19567,0
19568,0
19569,1
19570,1
19571,0
19572,0
19573,0
19574,0
19575,0
19576,0
19577,0
19578,0
19579,0
19580,1
19581,0
19582,1
19583,0
19584,0
19585,0
19586,0
19587,0
19588,0
19589,0
19590,0
19591,0
19592,0
19593,0
19594,0
19595,1
19596,0
19597,1
19598,1
19599,0
19600,0
19601,0
19602,0
19603,0
19604,0
19605,0
19606,0
19607,0
19608,0
19609,0
19610,1
19611,0
19612,0
19613,1
19614,0
19615,0
19616,1
19617,0
19618,0
19619,0
19620,0
19621,0
19622,0
19623,0
19624,0
19625,0
19626,0
19627,0
19628,1
19629,0
19630,0
19631,0
19632,0
19633,0
19634,0
19635,0
19636,0
19637,1
19638,0
19639,1
19640,0
19641,0
19642,0
19643,1
19644,1
19645,0
19646,0
19647,0
19648,0
19649,0
19650,0
19651,0
19652,0
19653,0
19654,0
19655,0
19656,0
19657,0
19658,0
19659,0
19660,0
19661,0
19662,0
19663,0
19664,0
19665,0
19666,0
19667,0
19668,0
19669,0
19670,0
19671,1
19672,0
19673,0
19674,0
19675,0
19676,0
19677,0
19678,1
19679,1
19680,0
19681,1
19682,0
19683,0
19684,0
19685,0
19686,0
19687,0
19688,0
19689,0
19690,0
19691,0
19692,1
19693,0
19694,0
19695,0
19696,1
19697,0
19698,0
19699,0
19700,0
19701,0
19702,0
19703,0
19704,0
19705,1
19706,1
19707,0
19708,0
19709,1
19710,0
19711,0
19712,1
19713,0
19714,0
19715,0
19716,0
19717,0
19718,1
19719,0
19720,0
19721,0
19722,0
19723,0
19724,0
19725,1
19726,1
19727,0
19728,0
19729,0
19730,0
19731,0
19732,0
19733,0
19734,0
19735,0
19736,0
19737,0
19738,0
19739,0
19740,0
19741,0
19742,0
19743,0
19744,0
19745,0
19746,1
19747,0
19748,0
19749,0
19750,0
19751,0
19752,0
19753,0
19754,0
19755,0
19756,0
19757,0
19758,0
19759,0
19760,0
19761,1
19762,0
19763,0
19764,0
19765,0
19766,0
19767,1
19768,0
19769,0
19770,0
19771,1
19772,0
19773,1
19774,0
19775,0
19776,0
19777,0
19778,0
19779,0
19780,0
19781,0
19782,0
19783,1
19784,1
19785,0
19786,0
19787,0
19788,0
19789,0
19790,0
19791,0
19792,0
19793,0
19794,0
19795,0
19796,0
19797,0
19798,1
19799,0
19800,0
19801,0
19802,0
19803,0
19804,0
19805,0
19806,0
19807,0
19808,0
19809,0
19810,0
19811,0
19812,0
19813,0
19814,0
19815,1
19816,0
19817,0
19818,0
19819,0
19820,0
19821,0
19822,0
19823,0
19824,0
19825,0
19826,0
19827,0
19828,0
19829,0
19830,0
19831,0
19832,0
19833,0
19834,0
19835,1
19836,0
19837,0
19838,0
19839,0
19840,0
19841,0
19842,0
19843,1
19844,0
19845,0
19846,0
19847,0
19848,0
19849,0
19850,0
19851,0
19852,0
19853,1
19854,1
19855,0
19856,0
19857,0
19858,1
19859,0
19860,0
19861,0
19862,0
19863,0
19864,0
19865,1
19866,1
19867,0
19868,1
19869,0
19870,0
19871,0
19872,0
19873,0
19874,0
19875,0
19876,0
19877,1
19878,0
19879,0
19880,0
19881,0
19882,0
19883,0
19884,0
19885,0
19886,0
19887,0
19888,0
19889,1
19890,0
19891,0
19892,0
19893,0
19894,0
19895,1
19896,0
19897,0
19898,0
19899,0
19900,0
19901,1
19902,0
19903,1
19904,0
19905,1
19906,0
19907,0
19908,0
19909,0
19910,0
19911,0
19912,0
19913,1
19914,0
19915,0
19916,0
19917,0
19918,0
19919,0
19920,1
19921,0
19922,0
19923,0
19924,0
19925,0
19926,0
19927,0
19928,0
19929,0
19930,0
19931,1
19932,0
19933,0
19934,0
19935,0
19936,0
19937,0
19938,0
19939,0
19940,0
19941,0
19942,0
19943,0
19944,0
19945,0
19946,0
19947,0
19948,0
19949,0
19950,0
19951,0
19952,0
19953,0
19954,1
19955,0
19956,0
19957,1
19958,1
19959,1
19960,1
19961,1
19962,0
19963,0
19964,0
19965,0
19966,0
19967,0
19968,0
19969,0
19970,0
19971,0
19972,0
19973,0
19974,0
19975,1
19976,0
19977,1
19978,1
19979,0
19980,0
19981,0
19982,0
19983,0
19984,0
19985,0
19986,0
19987,0
19988,0
19989,0
19990,0
19991,0
19992,0
19993,0
19994,0
19995,0
19996,0
19997,1
19998,1
19999,0
