CREATE DATABASE  IF NOT EXISTS `vk` /*!40100 DEFAULT CHARACTER SET utf8mb4 COLLATE utf8mb4_0900_ai_ci */ /*!80016 DEFAULT ENCRYPTION='N' */;
USE `vk`;
-- MySQL dump 10.13  Distrib 8.0.19, for macos10.15 (x86_64)
--
-- Host: localhost    Database: vk
-- ------------------------------------------------------
-- Server version	8.0.19

/*!40101 SET @OLD_CHARACTER_SET_CLIENT=@@CHARACTER_SET_CLIENT */;
/*!40101 SET @OLD_CHARACTER_SET_RESULTS=@@CHARACTER_SET_RESULTS */;
/*!40101 SET @OLD_COLLATION_CONNECTION=@@COLLATION_CONNECTION */;
/*!50503 SET NAMES utf8 */;
/*!40103 SET @OLD_TIME_ZONE=@@TIME_ZONE */;
/*!40103 SET TIME_ZONE='+00:00' */;
/*!40014 SET @OLD_UNIQUE_CHECKS=@@UNIQUE_CHECKS, UNIQUE_CHECKS=0 */;
/*!40014 SET @OLD_FOREIGN_KEY_CHECKS=@@FOREIGN_KEY_CHECKS, FOREIGN_KEY_CHECKS=0 */;
/*!40101 SET @OLD_SQL_MODE=@@SQL_MODE, SQL_MODE='NO_AUTO_VALUE_ON_ZERO' */;
/*!40111 SET @OLD_SQL_NOTES=@@SQL_NOTES, SQL_NOTES=0 */;

--
-- Table structure for table `communities`
--

DROP TABLE IF EXISTS `communities`;
/*!40101 SET @saved_cs_client     = @@character_set_client */;
/*!50503 SET character_set_client = utf8mb4 */;
CREATE TABLE `communities` (
  `id` int unsigned NOT NULL AUTO_INCREMENT,
  `name` varchar(150) CHARACTER SET utf8 COLLATE utf8_unicode_ci NOT NULL,
  PRIMARY KEY (`id`),
  UNIQUE KEY `name` (`name`)
) ENGINE=InnoDB AUTO_INCREMENT=151 DEFAULT CHARSET=utf8 COLLATE=utf8_unicode_ci;
/*!40101 SET character_set_client = @saved_cs_client */;

--
-- Dumping data for table `communities`
--

LOCK TABLES `communities` WRITE;
/*!40000 ALTER TABLE `communities` DISABLE KEYS */;
INSERT INTO `communities` VALUES (120,'a'),(121,'ab'),(47,'accusamus'),(99,'accusantium'),(5,'ad'),(65,'adipisci'),(32,'aliquam'),(57,'aliquid'),(117,'amet'),(150,'aperiam'),(31,'asperiores'),(145,'assumenda'),(36,'at'),(21,'aut'),(54,'autem'),(55,'beatae'),(3,'blanditiis'),(98,'commodi'),(119,'consectetur'),(28,'consequatur'),(132,'corporis'),(108,'corrupti'),(68,'culpa'),(29,'cumque'),(138,'cupiditate'),(1,'debitis'),(37,'delectus'),(58,'deleniti'),(96,'deserunt'),(124,'dicta'),(146,'dignissimos'),(133,'dolor'),(131,'dolore'),(2,'dolorem'),(111,'doloremque'),(9,'doloribus'),(134,'dolorum'),(41,'ea'),(23,'eaque'),(143,'earum'),(12,'eius'),(43,'enim'),(53,'eos'),(118,'error'),(56,'esse'),(20,'est'),(15,'et'),(77,'eum'),(67,'eveniet'),(86,'ex'),(81,'excepturi'),(128,'exercitationem'),(140,'expedita'),(39,'explicabo'),(50,'facilis'),(93,'fuga'),(42,'fugiat'),(62,'fugit'),(51,'harum'),(89,'hic'),(79,'id'),(44,'illo'),(147,'illum'),(85,'impedit'),(82,'in'),(139,'incidunt'),(75,'ipsam'),(109,'ipsum'),(74,'itaque'),(130,'iure'),(95,'iusto'),(16,'labore'),(30,'laboriosam'),(87,'laborum'),(34,'laudantium'),(94,'libero'),(112,'magnam'),(80,'magni'),(19,'maiores'),(141,'maxime'),(116,'minima'),(78,'minus'),(40,'modi'),(64,'molestiae'),(103,'molestias'),(46,'mollitia'),(91,'nam'),(142,'natus'),(114,'necessitatibus'),(129,'nemo'),(49,'neque'),(25,'nihil'),(149,'nisi'),(135,'nobis'),(73,'non'),(92,'nostrum'),(102,'nulla'),(71,'numquam'),(107,'occaecati'),(90,'odio'),(110,'odit'),(97,'officia'),(61,'omnis'),(4,'optio'),(115,'pariatur'),(126,'perferendis'),(6,'perspiciatis'),(101,'placeat'),(69,'porro'),(104,'possimus'),(60,'praesentium'),(52,'provident'),(76,'quae'),(136,'quas'),(18,'qui'),(66,'quia'),(13,'quibusdam'),(122,'quis'),(105,'quisquam'),(10,'quo'),(70,'ratione'),(123,'recusandae'),(83,'rem'),(24,'repellendus'),(113,'reprehenderit'),(88,'repudiandae'),(22,'rerum'),(72,'sapiente'),(45,'sed'),(137,'similique'),(63,'sint'),(33,'sit'),(26,'soluta'),(84,'sunt'),(14,'tempora'),(144,'tempore'),(125,'temporibus'),(148,'tenetur'),(8,'ullam'),(17,'ut'),(38,'vel'),(59,'velit'),(127,'veniam'),(11,'vero'),(100,'vitae'),(27,'voluptas'),(48,'voluptate'),(35,'voluptatem'),(106,'voluptates'),(7,'voluptatibus');
/*!40000 ALTER TABLE `communities` ENABLE KEYS */;
UNLOCK TABLES;

--
-- Table structure for table `communities_users`
--

DROP TABLE IF EXISTS `communities_users`;
/*!40101 SET @saved_cs_client     = @@character_set_client */;
/*!50503 SET character_set_client = utf8mb4 */;
CREATE TABLE `communities_users` (
  `community_id` int unsigned NOT NULL,
  `user_id` int unsigned NOT NULL,
  PRIMARY KEY (`community_id`,`user_id`)
) ENGINE=InnoDB DEFAULT CHARSET=utf8 COLLATE=utf8_unicode_ci;
/*!40101 SET character_set_client = @saved_cs_client */;

--
-- Dumping data for table `communities_users`
--

LOCK TABLES `communities_users` WRITE;
/*!40000 ALTER TABLE `communities_users` DISABLE KEYS */;
INSERT INTO `communities_users` VALUES (1,1),(2,2),(3,3),(4,4),(5,5),(6,6),(7,7),(8,8),(9,9),(10,10),(11,11),(12,12),(13,13),(14,14),(15,15),(16,16),(17,17),(18,18),(19,19),(20,20),(21,21),(22,22),(23,23),(24,24),(25,25),(26,26),(27,27),(28,28),(29,29),(30,30),(31,31),(32,32),(33,33),(34,34),(35,35),(36,36),(37,37),(38,38),(39,39),(40,40),(41,41),(42,42),(43,43),(44,44),(45,45),(46,46),(47,47),(48,48),(49,49),(50,50),(51,51),(52,52),(53,53),(54,54),(55,55),(56,56),(57,57),(58,58),(59,59),(60,60),(61,61),(62,62),(63,63),(64,64),(65,65),(66,66),(67,67),(68,68),(69,69),(70,70),(71,71),(72,72),(73,73),(74,74),(75,75),(76,76),(77,77),(78,78),(79,79),(80,80),(81,81),(82,82),(83,83),(84,84),(85,85),(86,86),(87,87),(88,88),(89,89),(90,90),(91,91),(92,92),(93,93),(94,94),(95,95),(96,96),(97,97),(98,98),(99,99),(100,100);
/*!40000 ALTER TABLE `communities_users` ENABLE KEYS */;
UNLOCK TABLES;

--
-- Table structure for table `friendship`
--

DROP TABLE IF EXISTS `friendship`;
/*!40101 SET @saved_cs_client     = @@character_set_client */;
/*!50503 SET character_set_client = utf8mb4 */;
CREATE TABLE `friendship` (
  `user_id` int unsigned NOT NULL,
  `friend_id` int unsigned NOT NULL,
  `status_id` int unsigned NOT NULL,
  `requested_at` datetime DEFAULT CURRENT_TIMESTAMP,
  `confirmed_at` datetime DEFAULT NULL,
  PRIMARY KEY (`user_id`,`friend_id`)
) ENGINE=InnoDB DEFAULT CHARSET=utf8 COLLATE=utf8_unicode_ci;
/*!40101 SET character_set_client = @saved_cs_client */;

--
-- Dumping data for table `friendship`
--

LOCK TABLES `friendship` WRITE;
/*!40000 ALTER TABLE `friendship` DISABLE KEYS */;
INSERT INTO `friendship` VALUES (1,5,1,'2008-07-17 23:04:38','2001-03-11 10:39:55'),(2,56,2,'2010-07-03 02:34:06','2018-01-14 13:08:06'),(3,49,2,'1970-01-31 15:35:55','2014-02-21 19:57:55'),(4,64,1,'2002-12-24 04:10:16','1986-12-04 05:33:17'),(5,8,2,'1971-05-20 22:08:39','2019-04-09 14:21:27'),(6,69,2,'1986-04-17 05:20:03','1976-01-09 05:03:08'),(7,83,2,'1972-11-04 11:26:11','2017-05-02 12:16:10'),(8,47,1,'2003-12-02 23:24:34','1970-06-23 03:07:05'),(9,60,2,'1990-12-04 06:44:04','2001-05-05 21:49:59'),(10,7,1,'1995-08-30 10:51:41','1988-12-06 09:30:43'),(11,2,2,'2011-11-16 10:01:41','1976-02-21 07:47:34'),(12,50,2,'1983-01-20 08:15:11','2009-11-08 08:31:11'),(13,90,2,'1992-05-30 18:09:07','2009-05-14 17:15:47'),(14,15,2,'1991-04-04 16:16:59','2017-04-07 06:27:54'),(15,89,1,'2006-06-28 06:09:04','1983-03-23 09:37:39'),(16,26,1,'1987-10-14 03:29:51','1999-01-14 18:53:14'),(17,99,1,'2011-10-13 08:24:36','1993-06-11 07:55:41'),(18,23,1,'1997-06-06 10:07:42','1996-12-06 19:19:41'),(19,97,2,'1977-05-15 05:29:17','2009-12-20 16:48:35'),(20,87,2,'1991-06-17 13:06:26','2014-08-28 01:50:49'),(21,73,1,'1981-04-21 00:34:35','1978-05-31 15:38:00'),(22,24,1,'1997-04-15 18:07:40','2002-10-02 01:05:36'),(23,10,2,'1982-09-22 20:30:45','1995-12-20 19:31:36'),(24,13,1,'1997-07-11 03:46:11','2018-12-21 19:44:10'),(25,74,1,'2006-10-15 05:37:02','2000-07-18 03:28:17'),(26,12,2,'1988-06-02 22:46:31','1980-06-27 03:35:28'),(27,76,1,'1988-10-24 01:25:37','1970-06-17 09:54:31'),(28,45,2,'2000-05-22 06:32:18','1979-05-09 20:39:06'),(29,55,1,'2005-07-25 11:28:59','1987-08-07 01:55:58'),(30,52,2,'1971-11-19 16:01:52','1997-06-07 16:17:37'),(31,40,2,'1984-07-13 10:05:04','2003-05-25 01:23:10'),(32,84,2,'1996-10-20 21:32:25','1976-08-25 02:01:24'),(33,21,2,'1982-07-20 05:15:04','2008-07-31 04:21:43'),(34,58,2,'2002-05-14 05:54:12','1999-08-30 22:38:44'),(35,6,1,'1988-04-18 07:46:34','1984-09-29 18:24:51'),(36,80,2,'1985-10-16 10:56:43','1994-12-01 23:08:23'),(37,53,1,'2002-03-14 11:47:59','2005-06-15 05:27:14'),(38,41,2,'1978-09-05 10:55:33','2001-09-06 13:55:28'),(39,61,2,'1974-01-22 14:47:10','2010-04-13 00:23:45'),(40,9,2,'1995-08-20 19:04:35','1975-11-06 04:04:18'),(41,48,1,'1979-03-17 00:43:01','1998-01-29 17:29:40'),(42,27,2,'1982-04-05 12:22:14','1980-04-28 03:37:34'),(43,94,1,'1994-01-30 20:31:21','2003-04-01 07:44:47'),(44,29,2,'1970-03-07 08:31:02','1985-10-13 02:49:14'),(45,91,2,'2008-07-13 10:17:04','1983-04-07 21:49:28'),(46,70,2,'2004-07-10 13:50:46','2004-01-10 23:54:28'),(47,44,1,'2005-05-08 04:06:24','1989-03-08 00:10:41'),(48,28,1,'2006-05-21 02:49:32','1995-04-16 18:45:54'),(49,34,1,'1972-01-17 09:41:22','2015-01-26 20:07:22'),(50,93,2,'1987-09-12 12:19:37','1978-10-02 07:51:34'),(51,51,1,'2013-03-16 23:05:44','1999-02-25 20:33:22'),(52,71,1,'2006-09-27 15:36:42','1973-07-08 17:06:58'),(53,57,1,'1990-07-17 03:14:24','1976-12-25 16:01:48'),(54,4,1,'1977-06-26 18:06:50','2019-10-23 23:31:50'),(55,16,2,'1990-04-06 22:42:18','2000-05-16 17:09:29'),(56,17,1,'1986-06-16 01:12:08','1986-04-07 05:25:29'),(57,36,1,'1996-09-26 13:44:09','1993-01-26 01:40:29'),(58,66,2,'2016-07-28 03:10:11','1983-02-25 20:19:35'),(59,88,2,'2006-04-14 17:45:59','1995-09-15 08:52:27'),(60,46,2,'1970-11-09 20:00:55','2000-12-20 00:32:23'),(61,79,1,'2015-12-29 21:39:36','2010-02-05 20:20:23'),(62,82,2,'2004-11-09 07:35:53','1990-02-05 06:35:12'),(63,42,2,'2016-08-01 02:50:23','1984-09-08 04:15:08'),(64,32,1,'1984-04-12 23:18:24','1970-04-18 06:34:28'),(65,65,2,'1989-11-08 01:58:21','1994-10-02 14:00:18'),(66,31,1,'1996-07-28 20:21:48','2002-08-08 09:40:18'),(67,20,1,'2010-09-04 23:47:41','1987-11-02 17:49:18'),(68,85,1,'1976-08-12 18:18:24','2005-01-22 02:58:55'),(69,14,1,'2008-03-02 17:42:46','1983-06-26 22:42:10'),(70,96,1,'2007-03-26 20:35:44','2009-08-16 00:07:34'),(71,81,2,'1978-09-30 09:36:19','1974-03-18 02:55:05'),(72,95,1,'2019-02-05 08:48:56','1975-03-19 19:03:55'),(73,30,1,'1977-09-02 17:03:48','1997-12-12 10:24:38'),(74,72,1,'1970-07-03 17:18:34','1990-11-07 14:49:14'),(75,25,1,'1989-10-13 09:59:50','1985-09-29 15:09:09'),(76,98,1,'2004-11-21 09:49:59','1971-08-02 00:32:28'),(77,62,1,'1980-06-06 15:56:56','1980-01-27 12:59:55'),(78,22,1,'2010-08-31 21:58:19','2003-06-03 09:03:58'),(79,78,1,'1993-06-27 00:56:45','2002-08-04 05:51:58'),(80,86,1,'2018-04-18 19:59:43','2005-09-23 11:47:27'),(81,37,2,'1973-09-03 01:58:11','1978-06-06 13:33:48'),(82,54,2,'1983-02-03 17:44:55','2008-02-28 00:32:33'),(83,75,1,'1975-08-25 06:10:39','1990-05-06 23:57:57'),(84,33,1,'1971-02-05 11:24:18','2005-05-06 18:18:17'),(85,63,2,'1981-07-17 15:25:25','2010-12-02 11:29:31'),(86,38,1,'1990-11-10 16:03:00','1978-12-05 13:35:52'),(87,92,1,'2019-12-23 12:51:38','1975-09-27 23:07:12'),(88,43,1,'2007-08-04 00:34:17','1991-09-22 07:02:15'),(89,35,1,'1994-01-17 04:25:40','1981-08-24 23:51:08'),(90,59,1,'1986-01-31 22:07:19','1974-03-19 01:21:19'),(91,39,1,'1979-12-03 09:08:12','1997-01-26 07:26:32'),(92,68,2,'1982-08-01 22:19:08','1998-10-02 01:09:09'),(93,18,2,'2011-06-18 07:00:11','2011-05-21 22:10:47'),(94,77,1,'1973-12-09 00:17:30','1971-09-14 10:59:47'),(95,1,1,'1982-07-05 22:17:12','2016-07-06 08:19:25'),(96,3,1,'1985-03-05 21:49:47','2014-10-12 04:46:42'),(97,19,1,'2007-06-10 11:26:46','1977-11-06 00:55:24'),(98,67,2,'1982-10-26 18:34:57','2018-02-23 05:43:06'),(99,100,1,'2003-01-27 22:26:11','2010-05-10 15:33:39'),(100,11,2,'1983-12-10 04:01:25','1992-10-27 02:58:24');
/*!40000 ALTER TABLE `friendship` ENABLE KEYS */;
UNLOCK TABLES;

--
-- Table structure for table `friendship_statuses`
--

DROP TABLE IF EXISTS `friendship_statuses`;
/*!40101 SET @saved_cs_client     = @@character_set_client */;
/*!50503 SET character_set_client = utf8mb4 */;
CREATE TABLE `friendship_statuses` (
  `id` int unsigned NOT NULL AUTO_INCREMENT,
  `name` varchar(150) CHARACTER SET utf8 COLLATE utf8_unicode_ci NOT NULL,
  PRIMARY KEY (`id`),
  UNIQUE KEY `name` (`name`)
) ENGINE=InnoDB AUTO_INCREMENT=3 DEFAULT CHARSET=utf8 COLLATE=utf8_unicode_ci;
/*!40101 SET character_set_client = @saved_cs_client */;

--
-- Dumping data for table `friendship_statuses`
--

LOCK TABLES `friendship_statuses` WRITE;
/*!40000 ALTER TABLE `friendship_statuses` DISABLE KEYS */;
INSERT INTO `friendship_statuses` VALUES (2,'1'),(1,'2');
/*!40000 ALTER TABLE `friendship_statuses` ENABLE KEYS */;
UNLOCK TABLES;

--
-- Table structure for table `media`
--

DROP TABLE IF EXISTS `media`;
/*!40101 SET @saved_cs_client     = @@character_set_client */;
/*!50503 SET character_set_client = utf8mb4 */;
CREATE TABLE `media` (
  `id` int unsigned NOT NULL AUTO_INCREMENT,
  `media_type` int unsigned NOT NULL,
  `user_id` int unsigned NOT NULL,
  `file_name` varchar(255) CHARACTER SET utf8 COLLATE utf8_unicode_ci NOT NULL,
  `size` int NOT NULL,
  `metadata` longtext CHARACTER SET utf8mb4 COLLATE utf8mb4_bin,
  `created_at` datetime DEFAULT CURRENT_TIMESTAMP,
  `updated_at` datetime DEFAULT CURRENT_TIMESTAMP ON UPDATE CURRENT_TIMESTAMP,
  PRIMARY KEY (`id`)
) ENGINE=InnoDB AUTO_INCREMENT=101 DEFAULT CHARSET=utf8 COLLATE=utf8_unicode_ci;
/*!40101 SET character_set_client = @saved_cs_client */;

--
-- Dumping data for table `media`
--

LOCK TABLES `media` WRITE;
/*!40000 ALTER TABLE `media` DISABLE KEYS */;
INSERT INTO `media` VALUES (1,4,1,'ut',4081,NULL,'2018-02-24 16:24:03','2007-07-02 09:07:33'),(2,5,2,'tempore',875068,NULL,'1989-03-11 05:59:23','1988-05-09 10:24:09'),(3,4,3,'minus',485903,NULL,'1986-05-21 03:18:52','1999-07-20 19:22:30'),(4,4,4,'quia',906192753,NULL,'1980-06-18 10:01:01','2014-07-22 08:21:55'),(5,2,5,'atque',86677031,NULL,'1986-09-01 22:55:58','1988-04-03 20:27:24'),(6,3,6,'quod',5086,NULL,'1992-03-24 15:57:23','2001-07-29 01:13:43'),(7,4,7,'reiciendis',83,NULL,'1992-04-19 19:57:47','2013-11-03 21:08:58'),(8,5,8,'illo',49614734,NULL,'2019-12-15 04:16:29','1977-06-25 08:34:28'),(9,4,9,'ducimus',430,NULL,'1995-07-07 22:10:38','1979-10-27 21:42:13'),(10,4,10,'amet',0,NULL,'1979-07-17 16:53:27','2001-03-01 02:51:21'),(11,1,11,'cum',9,NULL,'1981-11-25 20:31:55','1977-01-26 14:36:54'),(12,5,12,'consectetur',69817893,NULL,'2016-05-01 22:20:13','1981-07-27 10:45:21'),(13,5,13,'voluptate',7440,NULL,'1991-03-20 05:49:32','1985-05-25 14:34:16'),(14,3,14,'quis',0,NULL,'1996-10-16 23:38:22','2018-01-27 11:30:57'),(15,3,15,'et',42156454,NULL,'2010-03-02 10:23:26','1983-08-27 05:53:42'),(16,3,16,'ab',6571944,NULL,'2007-08-21 19:39:58','2018-03-22 09:31:57'),(17,3,17,'voluptatum',8,NULL,'1986-07-02 21:19:28','1980-04-07 21:05:46'),(18,4,18,'aut',7287,NULL,'2003-02-04 13:55:54','1975-06-13 11:25:06'),(19,4,19,'quia',33,NULL,'1970-04-02 14:27:46','1999-02-15 00:10:09'),(20,4,20,'libero',463166,NULL,'2020-01-09 19:27:44','1978-04-23 15:49:10'),(21,2,21,'qui',793,NULL,'2002-05-22 11:13:27','1981-07-01 15:09:21'),(22,4,22,'facilis',75,NULL,'1978-04-21 16:10:30','2015-09-16 09:00:27'),(23,4,23,'labore',0,NULL,'1986-08-22 02:30:07','2016-02-21 05:17:36'),(24,1,24,'aut',306,NULL,'1978-06-06 18:35:49','2003-06-25 23:43:13'),(25,4,25,'dolorum',8943,NULL,'1996-02-28 20:08:10','2004-06-15 02:58:08'),(26,1,26,'animi',2,NULL,'2006-05-26 18:49:19','2007-02-28 19:38:56'),(27,2,27,'sed',5204,NULL,'2006-10-21 02:11:45','2016-05-28 23:25:31'),(28,1,28,'itaque',10,NULL,'2008-04-11 15:42:29','1970-12-21 18:47:50'),(29,2,29,'quibusdam',69845830,NULL,'2002-07-10 13:13:45','2006-11-25 05:10:54'),(30,3,30,'laboriosam',7574911,NULL,'1976-10-22 09:07:58','2016-07-11 09:53:34'),(31,5,31,'dolorem',995,NULL,'2019-04-11 21:09:03','1979-08-27 23:47:20'),(32,2,32,'enim',55132,NULL,'2016-07-31 16:01:40','1970-08-12 08:14:59'),(33,4,33,'odit',482,NULL,'1982-11-16 22:50:47','2000-02-01 03:52:08'),(34,3,34,'commodi',4113238,NULL,'1986-12-29 21:28:03','1994-05-09 20:20:20'),(35,3,35,'et',8815,NULL,'1999-05-29 02:07:52','1998-10-13 03:30:27'),(36,5,36,'dolor',451824855,NULL,'1996-11-11 14:46:26','2010-02-13 15:15:00'),(37,4,37,'ut',603,NULL,'1984-05-06 04:24:07','1996-11-30 13:40:03'),(38,5,38,'accusamus',818216,NULL,'1979-12-01 05:54:57','1991-05-19 14:42:58'),(39,1,39,'et',0,NULL,'1979-07-08 07:57:19','1995-10-30 07:25:55'),(40,3,40,'enim',5,NULL,'2002-08-04 11:10:10','1981-04-30 14:27:38'),(41,5,41,'laudantium',573131,NULL,'2006-12-14 01:59:56','2016-10-23 05:28:45'),(42,5,42,'quo',76450,NULL,'2002-01-06 12:14:13','2013-03-02 13:10:33'),(43,1,43,'inventore',9121,NULL,'2005-12-20 22:19:58','1973-02-05 15:28:42'),(44,5,44,'omnis',3143,NULL,'1978-10-07 03:18:20','1972-03-26 06:19:10'),(45,3,45,'ad',726646,NULL,'2017-10-09 08:16:23','1981-07-02 17:34:31'),(46,2,46,'occaecati',1,NULL,'1974-04-05 20:27:34','1979-04-16 16:21:06'),(47,3,47,'et',4002083,NULL,'1985-09-20 01:14:44','2015-01-30 00:49:20'),(48,4,48,'tempora',5,NULL,'1978-05-15 21:36:07','2008-11-28 10:35:17'),(49,3,49,'rerum',26028641,NULL,'2009-04-23 07:42:07','2003-02-13 18:21:54'),(50,2,50,'sit',83484,NULL,'1980-04-21 12:37:57','2019-07-07 22:35:57'),(51,2,51,'saepe',62,NULL,'2004-01-27 22:55:50','1992-06-19 00:39:57'),(52,2,52,'ipsa',90,NULL,'2018-01-13 23:43:11','1994-11-05 07:11:42'),(53,3,53,'ipsam',744,NULL,'1974-06-12 09:34:59','1981-08-03 22:13:25'),(54,4,54,'itaque',314415159,NULL,'1971-11-14 05:48:53','1996-08-29 15:26:15'),(55,2,55,'odio',407,NULL,'2009-05-15 12:16:14','2015-09-21 01:41:13'),(56,3,56,'pariatur',5417518,NULL,'1993-03-13 19:02:33','2015-10-09 05:09:50'),(57,4,57,'omnis',78551,NULL,'1995-03-27 04:23:12','1973-01-20 12:17:16'),(58,4,58,'asperiores',6956024,NULL,'2001-04-15 17:09:15','1986-06-04 21:36:39'),(59,2,59,'dolorem',577,NULL,'1978-04-02 03:55:58','2003-04-05 01:14:07'),(60,4,60,'incidunt',5,NULL,'2007-03-04 18:44:35','1992-11-09 22:20:49'),(61,1,61,'dolor',7556,NULL,'2009-11-13 18:59:39','2014-09-01 07:00:45'),(62,4,62,'explicabo',295,NULL,'2015-11-01 06:59:19','2019-12-09 20:39:21'),(63,1,63,'eveniet',32349775,NULL,'1983-09-03 04:56:03','2016-04-04 00:38:09'),(64,3,64,'fuga',1,NULL,'1978-05-30 18:54:59','2002-09-25 19:54:12'),(65,4,65,'recusandae',685345300,NULL,'1974-12-14 22:00:28','1996-03-13 12:35:49'),(66,1,66,'doloremque',54384937,NULL,'2016-09-19 05:01:31','1990-08-03 14:37:47'),(67,1,67,'nobis',217897228,NULL,'2010-08-24 11:25:42','1989-08-18 21:32:07'),(68,2,68,'ex',62370822,NULL,'2000-07-06 08:01:52','2014-10-08 04:26:45'),(69,5,69,'autem',961,NULL,'1974-08-23 02:45:32','2012-12-12 09:53:06'),(70,5,70,'quia',2359,NULL,'1989-07-08 02:07:36','1972-02-16 08:13:12'),(71,1,71,'est',53,NULL,'1992-09-25 23:15:09','2002-07-30 19:25:13'),(72,3,72,'vel',146343750,NULL,'1973-11-16 11:50:20','2013-09-20 15:03:21'),(73,4,73,'laborum',303,NULL,'2013-12-19 15:42:38','1992-06-30 03:42:35'),(74,5,74,'explicabo',49983581,NULL,'1978-08-28 01:56:38','1988-11-23 10:12:40'),(75,1,75,'ratione',6,NULL,'1990-10-12 20:30:43','2001-10-28 01:30:12'),(76,3,76,'eius',8555,NULL,'2000-03-28 16:02:30','2018-05-03 20:39:21'),(77,1,77,'non',382,NULL,'2004-08-08 07:59:20','2005-05-04 05:21:04'),(78,4,78,'debitis',23384540,NULL,'1985-04-28 05:44:18','2003-03-31 12:02:15'),(79,5,79,'doloribus',299,NULL,'2002-07-09 09:09:44','2014-09-25 04:54:04'),(80,5,80,'saepe',5653,NULL,'1977-04-24 16:37:51','1990-01-18 09:23:14'),(81,5,81,'numquam',8,NULL,'1977-04-03 20:14:30','1994-01-07 09:18:42'),(82,4,82,'facilis',52741882,NULL,'1971-08-01 07:42:16','2014-03-12 16:47:40'),(83,3,83,'et',825662204,NULL,'1995-06-14 01:00:50','1991-04-12 08:53:00'),(84,4,84,'suscipit',198175569,NULL,'1979-08-22 03:11:31','1999-07-15 23:52:14'),(85,5,85,'sit',926150398,NULL,'2000-12-10 08:02:54','1970-04-05 17:12:54'),(86,5,86,'dolorum',838,NULL,'2008-09-22 23:12:58','1987-12-22 00:33:53'),(87,3,87,'est',1022606,NULL,'2012-08-14 17:05:09','1990-06-25 12:11:30'),(88,3,88,'eum',131680368,NULL,'2011-02-24 15:19:45','1975-01-07 23:50:20'),(89,3,89,'impedit',7656539,NULL,'2005-12-04 14:26:09','1996-05-04 08:36:43'),(90,5,90,'impedit',7029,NULL,'2001-09-05 02:36:28','2015-01-20 09:16:37'),(91,5,91,'et',76283,NULL,'2018-07-08 16:14:47','1980-05-12 13:01:29'),(92,5,92,'doloremque',6206275,NULL,'2017-12-08 16:13:00','1971-06-13 00:33:37'),(93,5,93,'aut',495026,NULL,'2000-05-30 00:16:08','1982-12-25 10:19:59'),(94,2,94,'doloribus',1,NULL,'1977-02-25 03:44:17','2017-02-21 18:58:01'),(95,4,95,'saepe',93837,NULL,'1985-05-04 04:02:53','1989-01-06 13:50:27'),(96,2,96,'debitis',6227,NULL,'1990-10-27 06:16:09','2003-11-23 19:32:34'),(97,4,97,'molestias',26,NULL,'1989-06-11 23:53:51','1997-03-11 14:45:39'),(98,4,98,'ad',23684299,NULL,'1993-06-14 23:21:14','1981-04-11 09:55:12'),(99,5,99,'sunt',3745,NULL,'1992-11-16 19:33:41','1987-06-26 00:34:05'),(100,2,100,'voluptatem',2720895,NULL,'2009-10-08 07:39:07','1993-05-07 18:06:39');
/*!40000 ALTER TABLE `media` ENABLE KEYS */;
UNLOCK TABLES;

--
-- Table structure for table `media_types`
--

DROP TABLE IF EXISTS `media_types`;
/*!40101 SET @saved_cs_client     = @@character_set_client */;
/*!50503 SET character_set_client = utf8mb4 */;
CREATE TABLE `media_types` (
  `id` int unsigned NOT NULL AUTO_INCREMENT,
  `name` varchar(255) CHARACTER SET utf8 COLLATE utf8_unicode_ci NOT NULL,
  `created_at` datetime DEFAULT CURRENT_TIMESTAMP,
  PRIMARY KEY (`id`),
  UNIQUE KEY `name` (`name`)
) ENGINE=InnoDB AUTO_INCREMENT=6 DEFAULT CHARSET=utf8 COLLATE=utf8_unicode_ci;
/*!40101 SET character_set_client = @saved_cs_client */;

--
-- Dumping data for table `media_types`
--

LOCK TABLES `media_types` WRITE;
/*!40000 ALTER TABLE `media_types` DISABLE KEYS */;
INSERT INTO `media_types` VALUES (1,'omnis','2008-08-16 20:17:41'),(2,'ex','2019-06-20 17:15:56'),(3,'fugit','1994-08-01 05:14:04'),(4,'corrupti','1982-12-15 21:19:38'),(5,'quis','1992-07-09 01:05:16');
/*!40000 ALTER TABLE `media_types` ENABLE KEYS */;
UNLOCK TABLES;

--
-- Table structure for table `messages`
--

DROP TABLE IF EXISTS `messages`;
/*!40101 SET @saved_cs_client     = @@character_set_client */;
/*!50503 SET character_set_client = utf8mb4 */;
CREATE TABLE `messages` (
  `id` int unsigned NOT NULL AUTO_INCREMENT,
  `from_user_id` int unsigned NOT NULL,
  `to_user_id` int unsigned NOT NULL,
  `body` text CHARACTER SET utf8 COLLATE utf8_unicode_ci NOT NULL,
  `is_important` tinyint(1) DEFAULT NULL,
  `is_delivered` tinyint(1) DEFAULT NULL,
  `created_at` datetime DEFAULT CURRENT_TIMESTAMP,
  PRIMARY KEY (`id`)
) ENGINE=InnoDB AUTO_INCREMENT=101 DEFAULT CHARSET=utf8 COLLATE=utf8_unicode_ci;
/*!40101 SET character_set_client = @saved_cs_client */;

--
-- Dumping data for table `messages`
--

LOCK TABLES `messages` WRITE;
/*!40000 ALTER TABLE `messages` DISABLE KEYS */;
INSERT INTO `messages` VALUES (1,1,100,'Ipsa molestias quas vero ratione autem quasi officia. Commodi beatae rem quaerat architecto minus amet. Harum dolorem quis corporis rerum corporis. Ut at doloribus culpa eligendi ea deleniti. Qui quae quae ducimus animi amet odio est.',1,0,'1989-03-07 18:41:38'),(2,2,15,'Debitis voluptate ullam culpa consequatur ad sint. Magnam veritatis expedita tempora aut ut dolor qui.',0,1,'1989-02-20 00:52:18'),(3,3,19,'Adipisci sed esse veritatis minima. Deleniti ut dolorem perspiciatis dolore sint. Ex nihil libero consequuntur quo. Repudiandae et id et autem.',1,1,'1974-04-14 17:45:33'),(4,4,3,'Et sapiente consequuntur veritatis modi sint harum quia. Qui nulla qui minus. Qui nihil et nobis aut. Atque ea libero beatae quia.',1,1,'1977-11-06 05:45:33'),(5,5,2,'Cum quam ullam vitae optio. Illo eos vel qui quis. Sed sed maiores nobis pariatur. Soluta minima labore hic neque alias.',0,1,'1977-08-26 12:22:31'),(6,6,17,'Accusamus possimus maxime ullam laborum voluptas veniam minima ipsam. Quo aliquid porro possimus quibusdam velit perferendis exercitationem. Et voluptatem neque atque magni nihil magnam.',1,0,'1989-10-07 05:25:11'),(7,7,14,'Voluptatem saepe maiores error explicabo omnis possimus repellendus. Et consequatur provident cumque vel et. Error alias aut illo ut illo. Quo doloribus officia vel aut voluptatem unde voluptatem numquam. Sit sit tenetur dolorem non et a.',1,0,'1979-07-10 01:06:14'),(8,8,7,'Aut nesciunt quis eaque quidem id. Rem odit ipsam id maxime soluta aut qui. Molestias animi temporibus quibusdam repellat dolorum quod officiis. Qui alias nam ipsum consequatur eum consequatur ut.',0,1,'2010-04-23 10:21:02'),(9,9,13,'Quod rerum quibusdam facere voluptas quia. Voluptatem omnis aspernatur consequuntur ipsam aut iusto magni.',1,1,'2012-05-03 01:01:08'),(10,10,93,'Recusandae voluptatibus vel fuga delectus. Nesciunt enim fugiat consectetur rerum. Consectetur vero eligendi itaque facere.',0,0,'2005-10-04 16:46:52'),(11,11,33,'Consequatur quia et iure labore. Sed rem beatae consectetur eos et voluptatem autem dolores. Facilis animi id vel non dolore et sit. Rem non architecto rerum similique molestias aut.',0,1,'1978-02-23 09:00:32'),(12,12,37,'Rerum magnam ullam sit autem excepturi distinctio at. Quia ut at cum minima consequuntur. Est ut voluptas praesentium quo hic.',1,0,'1971-02-24 20:17:10'),(13,13,85,'Qui dignissimos quam consectetur exercitationem dolores. Laborum optio corporis omnis ipsa. Aut neque libero sed voluptas cumque libero temporibus. Id quo cumque vitae corrupti sit rerum.',0,0,'1986-12-29 13:34:03'),(14,14,97,'Sit dolore rem inventore aut aut quia architecto. Quis libero quis delectus natus nisi.',0,1,'2019-07-21 10:52:49'),(15,15,71,'Consequatur accusamus ea aut id dolorem in tenetur. Deserunt ad cumque repudiandae sed quasi et sed numquam. Adipisci rerum error tempore. Maxime delectus ut reprehenderit.',0,1,'2017-06-20 00:31:24'),(16,16,74,'Iure ab voluptatem eos aut eos odit quam. Placeat eum laborum ut pariatur. Eum expedita suscipit aut qui. Harum fugiat a laudantium provident.',0,1,'2011-07-09 13:21:13'),(17,17,6,'Architecto vel omnis quos odit. Iusto dolores est et dignissimos. Sed iusto harum repudiandae odio ipsa nihil.',0,1,'1998-02-22 00:21:49'),(18,18,91,'Sunt placeat in ea recusandae explicabo quo voluptatem. Nisi nemo ullam pariatur est. Nihil tempora laboriosam unde quia esse. Quos porro maiores molestiae debitis reprehenderit.',1,0,'1984-08-08 23:24:06'),(19,19,10,'Adipisci sunt nam ex omnis quisquam ab. Nisi at ad tempora omnis. Sed est molestiae unde voluptatum et.',1,0,'1997-08-17 19:00:00'),(20,20,73,'Velit quasi ea quaerat accusantium rerum labore. Doloribus dolores vitae aut et error numquam. Reiciendis at et quis. Quae quis fugit non.',1,1,'1984-07-17 07:13:09'),(21,21,98,'Sed culpa quis molestiae enim quia. Autem quas soluta iure repellendus et et. Distinctio sit eligendi cum dolores.',0,1,'1980-04-03 02:33:19'),(22,22,24,'Nihil labore minima consequatur omnis. Esse accusamus dignissimos itaque distinctio consequatur deserunt accusamus aperiam. Nesciunt molestias illum ut aut voluptatem.',0,0,'1986-08-29 17:32:19'),(23,23,54,'Voluptas fugit qui aut pariatur. Sequi suscipit illo repellat provident non culpa. Maxime delectus quos eum earum dignissimos cupiditate voluptatem ut.',0,0,'1975-05-19 04:22:47'),(24,24,69,'Veritatis fuga non minus ipsa culpa eos. Et sit non debitis aperiam dolores commodi tenetur. Cum sint quam quasi. Error aperiam nam hic.',0,0,'2019-01-01 13:25:58'),(25,25,25,'Provident enim nemo perferendis aut officia. Quis eius sed incidunt. Consequatur aut sed nostrum temporibus autem.',0,1,'2014-09-06 20:55:24'),(26,26,61,'Est omnis velit quod fugit quia reprehenderit aspernatur distinctio. Rerum itaque delectus qui corporis sint ab. Natus recusandae ut aperiam alias quos consequuntur.',1,0,'1989-03-03 20:03:51'),(27,27,21,'Unde quibusdam qui dolorem deleniti vel accusamus aliquam. Qui vel eum dolorem et non harum. Aperiam quia voluptatem laudantium. Modi maiores enim optio.',1,1,'2004-04-04 13:36:59'),(28,28,86,'Omnis et perspiciatis vel vitae ut quam. Quaerat non id rerum quia excepturi eveniet.',1,1,'1976-08-03 15:57:45'),(29,29,53,'Quae quaerat error deserunt qui optio. Quos eligendi est hic voluptas et culpa labore. Ut rerum aut voluptates alias officia aliquid. Et mollitia velit ipsa possimus quod.',1,0,'2004-11-02 03:52:59'),(30,30,16,'Vitae repudiandae qui non ut dolorem blanditiis ut. Voluptas corporis qui magnam quia eos reprehenderit commodi animi. Quae dolores debitis odit dolore perferendis.',0,0,'1977-03-17 10:12:47'),(31,31,5,'Non incidunt veniam sed velit. Sed voluptas repellat optio cumque nostrum temporibus. Error id nemo ea animi enim laborum. Numquam quia odio repellat debitis quibusdam ipsa.',1,0,'1995-03-06 14:47:35'),(32,32,45,'Nihil nulla tenetur placeat odio aut accusantium aut. Dolorum laboriosam itaque quidem dolores aut odit. Expedita quia eos vitae omnis nihil fuga odit.',1,0,'1995-11-29 18:53:03'),(33,33,4,'Rerum doloremque modi voluptatem veniam eos blanditiis. Enim aut eos et minus. Nostrum fugiat sed quasi culpa amet enim.',0,1,'1981-08-01 17:17:09'),(34,34,63,'Doloremque est corrupti a mollitia. Repudiandae ad rem ut illum itaque nulla. Omnis porro sint error soluta et deleniti. Asperiores nulla explicabo fuga.',1,1,'1973-08-07 00:36:14'),(35,35,32,'Ut enim fuga in autem quia beatae fuga. Vel laboriosam praesentium ea sit. Sint voluptas fugiat non in sunt. Assumenda veniam quasi quo omnis eligendi a.',1,1,'1989-07-13 19:41:42'),(36,36,38,'Qui ratione asperiores rerum maxime. Voluptatem praesentium ullam sequi excepturi et et ea.',1,1,'2018-09-12 17:51:10'),(37,37,95,'Blanditiis dicta quae corrupti. Vel labore aut distinctio natus est harum odit.',1,1,'1989-03-18 01:55:13'),(38,38,99,'Quos doloremque occaecati distinctio nam dignissimos quos. Facilis praesentium quia quis eius rerum et dolorem.',1,0,'2000-08-11 15:15:14'),(39,39,26,'Sit sit culpa reprehenderit nobis ut. Ipsam quia minima saepe animi cum sed sed.',1,0,'1975-05-09 02:26:56'),(40,40,79,'Est cum et quia nihil. Ipsum dolor eum et. Nemo voluptas voluptas quia exercitationem voluptatem est ratione dolores. Alias ut saepe sunt ut molestiae culpa et. Officiis cum labore itaque eveniet ut.',1,0,'2018-09-05 19:09:43'),(41,41,65,'Similique dicta est velit quis qui. Ad perferendis rerum qui. Rem reiciendis voluptas corporis et ipsum.',0,1,'2007-03-04 03:24:52'),(42,42,78,'Ut ab doloribus iure eos quo accusantium hic. Numquam voluptates et et sit. Dolore repellat corporis necessitatibus impedit similique doloremque voluptatibus eius.',1,1,'1988-08-15 04:36:58'),(43,43,49,'Et porro quo est omnis quia maiores. Placeat eveniet explicabo et consequatur pariatur. Vitae est laudantium eveniet nesciunt. Dolores neque corporis eum corrupti et porro reiciendis sit. Ut possimus in earum maxime.',0,1,'1984-10-16 13:52:45'),(44,44,88,'Autem fugit eius pariatur minus harum. Sunt non sunt debitis ullam aliquid aspernatur. Alias qui laudantium perspiciatis laboriosam ratione earum quasi voluptas. Quia ut vero nesciunt nulla est.',1,0,'1988-08-26 08:41:22'),(45,45,20,'Impedit illo temporibus laudantium dicta. Esse porro doloremque voluptate. Sed consequuntur itaque incidunt eum nulla et. Repellendus dicta culpa magni quo molestiae.',1,0,'2016-05-08 01:43:31'),(46,46,57,'Qui modi quod sed iusto eaque sapiente aut. Repellendus necessitatibus nihil voluptatum est. At id commodi est amet dolores laudantium.',1,0,'1999-07-30 22:12:01'),(47,47,36,'Facilis aspernatur necessitatibus qui error enim voluptas. Magnam tempora et eos eos et. Expedita atque totam consequuntur explicabo nostrum voluptatem. Corrupti mollitia ipsa voluptatem ullam ut commodi reprehenderit. Est et at aperiam consectetur soluta consequatur odio.',1,0,'1989-06-08 17:22:43'),(48,48,83,'Velit consequatur autem quasi. Error voluptas est quod quaerat doloribus consequuntur. Mollitia minus et et beatae eveniet sed. Et expedita nihil ex nobis iure.',1,1,'2005-05-28 01:36:11'),(49,49,30,'Alias est voluptate magnam voluptas dolor ipsa molestias placeat. Iure aut sapiente velit earum ipsam ab et. Ea in vel ducimus quia odio sint. Velit in alias commodi temporibus.',1,0,'1985-01-11 16:45:08'),(50,50,64,'Cumque minus voluptatibus doloribus et. Omnis nostrum hic excepturi eum saepe. Aut voluptatem consectetur id itaque expedita perferendis autem distinctio. Beatae veniam ut voluptates deleniti qui.',0,1,'2006-06-08 15:50:19'),(51,51,90,'Suscipit architecto commodi non ut tempora. Omnis cum sit veniam modi consequuntur. Dolorum quia maiores maxime voluptates dolorem earum dolorem. Ut iusto laborum autem minus enim.',0,0,'1982-10-03 07:07:37'),(52,52,12,'Dolores unde eaque dolor eius aut rem dolorem. Omnis molestiae incidunt occaecati voluptatibus in sunt vel. Dolorum occaecati veritatis ut laboriosam eum.',1,1,'2012-09-25 14:59:48'),(53,53,92,'Voluptatem est a et culpa. Et ipsam similique explicabo adipisci et quod. Repudiandae corporis ullam culpa odit eum.',1,0,'1973-08-20 21:42:17'),(54,54,39,'Voluptas et ipsum asperiores eos ratione. Aspernatur qui possimus provident. Perspiciatis quia qui iusto accusantium ut.',0,0,'2010-08-20 02:01:17'),(55,55,47,'Repellat nam odio aliquam debitis iusto eligendi quaerat. Possimus et aut vel sit reiciendis illum. Rerum dolorum ad animi natus. Dolores totam ut nihil ea sunt delectus voluptatem adipisci.',0,0,'1992-11-13 00:10:14'),(56,56,75,'Veniam tempore ea illo quia. Aliquam ea sequi tempora voluptatem voluptatem natus quibusdam. Corporis magni perspiciatis architecto reprehenderit. Qui quisquam suscipit impedit.',1,0,'1995-03-13 03:00:15'),(57,57,94,'Dolorum sunt et aperiam qui amet hic. Vel eius aut consequatur dolorum architecto. Accusamus ad asperiores velit corrupti.',1,1,'1995-10-28 03:32:18'),(58,58,56,'Numquam similique dolorem a doloremque. Et voluptatem rem doloremque temporibus tempore. Corrupti tenetur commodi quod voluptatem voluptate. Eum et rerum earum quia eaque est.',1,0,'1989-11-19 09:22:57'),(59,59,76,'Saepe aut esse et qui laborum. Qui alias totam in dolore architecto molestiae maxime. Eveniet asperiores id beatae sint officiis.',0,1,'1982-07-30 20:03:04'),(60,60,35,'Cupiditate maxime illo autem ex et nisi. Qui necessitatibus quo sint est et possimus. Enim ut quia deserunt nihil iste maxime. Libero ut molestiae ut eum dolorem eum necessitatibus nostrum.',0,1,'2004-04-16 10:39:55'),(61,61,70,'Libero commodi sint reprehenderit voluptates voluptas et minus. Amet optio ipsam soluta reprehenderit. Dolore sed saepe et nemo. Excepturi consequatur assumenda libero commodi et nam aperiam.',1,1,'2004-05-16 17:34:52'),(62,62,51,'Sed eos sed ab ab exercitationem. Voluptatibus iste earum voluptate omnis et at velit vero. Corporis nihil voluptatem impedit. Et ex voluptas suscipit aliquam vero sapiente officia.',1,0,'1978-08-26 14:53:50'),(63,63,58,'Quam dolore totam est dolor ducimus saepe in. Aliquid eum natus quos. Quas et sit natus voluptatibus eaque. Aut voluptate tenetur consectetur ut quis qui. Eveniet doloribus corporis rerum facilis.',1,1,'1970-04-08 06:29:00'),(64,64,46,'Nostrum sunt laboriosam praesentium inventore. Fugit ab amet corrupti molestiae. Commodi cum rerum doloremque dolorem.',0,1,'1978-02-21 06:44:51'),(65,65,41,'Saepe nulla illo aut iure voluptatem. Dolores aut aliquid excepturi ex quisquam accusantium. Omnis laborum deserunt libero sit alias cumque et. Provident enim vel omnis.',1,1,'2014-09-24 21:27:32'),(66,66,68,'Qui architecto ab modi neque earum omnis omnis. Inventore qui pariatur et. Quia deleniti omnis itaque ipsum cumque sit. Vel quia reiciendis culpa sapiente. Accusantium labore ducimus aut ducimus error.',1,1,'1974-03-02 01:26:00'),(67,67,40,'Optio mollitia temporibus omnis rerum ut distinctio molestiae. Ut neque sapiente sunt voluptates. Recusandae nemo harum similique sit harum dolorum saepe. Unde quo qui recusandae quia eos excepturi aperiam. Ex ex necessitatibus odio rerum vitae quia et.',0,1,'2015-11-14 17:40:27'),(68,68,66,'Esse id non dolorum ea. Eum et cumque dolor iure. Odit est cum autem inventore possimus dolores qui.',0,0,'2002-03-09 11:15:03'),(69,69,62,'Quasi exercitationem voluptatem fugit asperiores voluptas. Placeat consectetur saepe consequatur repellendus. Tempora iusto nam tenetur aut ullam veritatis. Alias autem nulla omnis nihil voluptatem.',1,0,'2007-12-15 04:12:51'),(70,70,22,'Eum a error praesentium molestias quidem. Animi sed corporis voluptate unde voluptatibus consequatur quidem excepturi. Facere deserunt enim rerum omnis aspernatur perferendis.',1,1,'1983-10-31 12:12:33'),(71,71,96,'Quidem quia fugiat voluptatem sapiente cupiditate aliquid et. Atque id et sequi nam. Veniam dolores enim nostrum ut quasi sit.',1,0,'2014-12-24 02:17:22'),(72,72,42,'Aut amet ad dolorem rem illum quis aut. Consectetur molestiae omnis eum nihil amet et quo est. Dolor sed unde at. Dolores placeat et eveniet incidunt dolor porro dolore. Eos aut et dolores nihil est.',0,0,'1997-03-17 03:19:57'),(73,73,84,'Nostrum eveniet sapiente esse sit quo laudantium nobis recusandae. Voluptatem quis non distinctio et nisi quidem. Suscipit cum beatae expedita vero aut dignissimos quis. Ut qui commodi est eos fugiat in.',1,0,'2014-07-06 18:27:05'),(74,74,59,'Itaque illum vel natus voluptas. Ratione occaecati voluptatem quo eos eaque repellat. Quisquam est velit id sint laboriosam et velit.',1,0,'1973-05-21 06:57:08'),(75,75,28,'Aut tenetur explicabo fugit iure vel voluptatem. Fugiat ex laboriosam blanditiis enim. Modi dolor qui ipsam eum. Impedit id corporis est dolorum repellendus inventore aut quisquam.',0,0,'1986-01-20 00:04:56'),(76,76,50,'Explicabo quas autem et sit eaque. Enim quia et eum nam ad. Sed architecto odio eos voluptates non itaque. Quia doloribus veritatis similique et consequatur illum vitae enim. Nihil nihil maxime fugiat mollitia et suscipit et.',1,1,'2005-10-10 12:11:24'),(77,77,67,'Assumenda consequatur facere occaecati quam quis consequatur. Dolorum quod et saepe eos cupiditate quibusdam. Iure sapiente accusamus accusamus sint perspiciatis quo eaque voluptas.',1,1,'2014-08-17 17:21:51'),(78,78,60,'Sit assumenda aperiam veritatis atque. Nobis velit sequi autem consequatur explicabo illo. Minima voluptas ea provident vel.',1,0,'2010-05-17 23:56:13'),(79,79,43,'Cupiditate et qui odit cupiditate velit maxime cum. Voluptates suscipit placeat minus amet. Vero repellat saepe totam minima necessitatibus veritatis. At ratione dolorem optio vel sed.',0,0,'1988-03-07 08:41:29'),(80,80,77,'Eos non quasi nostrum officia eligendi et quod molestiae. Perspiciatis cum voluptatem aut quo enim sit. Minus et rerum quaerat eos a eveniet voluptatum.',0,0,'1986-12-24 13:05:06'),(81,81,48,'Aut quos qui itaque ex in placeat. Consequatur quibusdam voluptatem veritatis omnis velit rerum. Fugit dolor rerum dolorum vero dolorem a rerum. Qui atque ducimus neque ut accusamus.',0,1,'2019-09-02 07:00:09'),(82,82,52,'Soluta eos sapiente fugiat quia laboriosam. Non dignissimos consequuntur ipsum. Minima distinctio est laudantium magni.',1,1,'1989-01-16 05:58:05'),(83,83,27,'Omnis necessitatibus sequi recusandae repudiandae. Possimus dolores alias voluptates corporis. Natus ut est qui minus ut et pariatur et. Dolorum velit deserunt dolorem ducimus.',1,0,'2017-04-05 11:39:49'),(84,84,89,'Omnis unde veritatis provident qui. Quam sit at aliquam aliquam aut laborum eum recusandae. Consectetur vitae eos non omnis tempore asperiores ea. Distinctio harum voluptatem veritatis ut. Non provident est ut eos enim.',0,0,'2005-04-23 10:38:58'),(85,85,18,'Commodi itaque possimus et eaque fuga. Totam dolores explicabo hic illo quaerat est earum eum.',1,1,'1991-04-07 20:35:54'),(86,86,9,'Corrupti quidem et quaerat laboriosam. Possimus rerum voluptas sed quo rem. Velit autem quas adipisci dolor iste molestias. Aut nobis non dolorem est voluptate atque et.',0,1,'2015-09-12 12:50:00'),(87,87,87,'Ipsam repudiandae voluptas dicta rerum. Sapiente officiis nam dolor laboriosam. Enim voluptatum necessitatibus illo dolore ab error.',1,0,'1997-03-26 03:10:49'),(88,88,55,'Quae soluta dolorem est itaque ipsa modi qui. Qui ut dolor et nulla ipsam numquam. Delectus quia occaecati minus nihil ad. Et blanditiis perspiciatis velit.',1,0,'1974-07-19 15:49:55'),(89,89,11,'Maiores suscipit deleniti ad nobis. Quae id praesentium hic modi omnis. Explicabo beatae molestiae minima voluptatibus.',0,0,'2018-02-23 07:27:53'),(90,90,44,'Consequatur culpa numquam quisquam quis eos ex eum vero. Quam nisi ut praesentium veniam. Repellendus dolore veritatis aut nihil. Ad esse quia quasi amet.',0,0,'2003-11-15 06:54:46'),(91,91,1,'Nulla corporis eius perspiciatis perferendis dolores mollitia harum. Quasi qui id voluptatem quibusdam. Maiores laboriosam sunt illo vel.',1,0,'1990-01-28 11:37:42'),(92,92,80,'Dolorum impedit consequuntur dignissimos ut odit rerum consequuntur facere. Doloremque qui consequatur pariatur. Delectus iste tempora officia et doloribus consequatur inventore.',1,1,'2012-04-27 00:41:10'),(93,93,81,'Nisi ut consequatur a eum expedita dolores. Saepe aut eum in rerum laborum optio. Qui ipsa ducimus nesciunt. Voluptas error perferendis soluta ea.',1,0,'1993-08-31 17:09:43'),(94,94,31,'Unde reiciendis doloremque et eos eius magnam vel qui. Dolorum natus est sunt corporis maxime qui cum mollitia. Soluta ut ut ut quod soluta quia.',1,1,'2003-11-06 10:00:32'),(95,95,29,'Aperiam quidem provident perferendis est error in sed optio. Et rerum nostrum est quisquam perferendis. Occaecati modi exercitationem iure fuga. Molestias inventore quaerat sapiente fugit.',1,0,'2017-12-22 11:12:08'),(96,96,34,'Repellat optio non consequuntur. Repudiandae impedit aut officia neque aut.',1,0,'2005-10-26 06:48:15'),(97,97,23,'Quod praesentium mollitia sit error in enim molestiae. Eius qui ipsum ea pariatur libero blanditiis ut. Architecto amet atque hic rerum. Vel et maiores repudiandae molestiae enim laborum iste esse.',1,0,'2009-05-30 22:45:09'),(98,98,8,'Autem nulla eum corrupti inventore quia. Tempore sapiente tempora aut soluta. Fugit voluptate aliquid omnis perferendis qui nihil.',0,0,'1981-02-02 17:24:36'),(99,99,82,'Sint officia unde similique voluptatem. Aliquam ut recusandae voluptatem. Magni nemo et est quia itaque rerum. Iste dolore error quia non vitae. Dolores consequatur asperiores odio ducimus est necessitatibus sapiente.',0,1,'1997-12-19 17:08:22'),(100,100,72,'Eum et est quibusdam quibusdam omnis dicta. Non sunt velit est quia delectus. Voluptate molestiae qui voluptatem ea dolorem qui corporis quidem. Perferendis alias doloremque temporibus et cupiditate ea qui.',1,1,'1992-06-02 14:08:15');
/*!40000 ALTER TABLE `messages` ENABLE KEYS */;
UNLOCK TABLES;

--
-- Table structure for table `profiles`
--

DROP TABLE IF EXISTS `profiles`;
/*!40101 SET @saved_cs_client     = @@character_set_client */;
/*!50503 SET character_set_client = utf8mb4 */;
CREATE TABLE `profiles` (
  `user_id` int unsigned NOT NULL,
  `gender` char(1) CHARACTER SET utf8 COLLATE utf8_unicode_ci NOT NULL,
  `birthday` date DEFAULT NULL,
  `city` varchar(100) CHARACTER SET utf8 COLLATE utf8_unicode_ci DEFAULT NULL,
  `country` varchar(100) CHARACTER SET utf8 COLLATE utf8_unicode_ci DEFAULT NULL,
  `photo_id` int unsigned NOT NULL,
  `created_at` datetime DEFAULT CURRENT_TIMESTAMP,
  `updated_at` datetime DEFAULT CURRENT_TIMESTAMP ON UPDATE CURRENT_TIMESTAMP
) ENGINE=InnoDB DEFAULT CHARSET=utf8 COLLATE=utf8_unicode_ci;
/*!40101 SET character_set_client = @saved_cs_client */;

--
-- Dumping data for table `profiles`
--

LOCK TABLES `profiles` WRITE;
/*!40000 ALTER TABLE `profiles` DISABLE KEYS */;
INSERT INTO `profiles` VALUES (1,'','2019-09-12','Maymieside','Burkina Faso',71,'2002-08-14 23:53:59','1997-12-27 17:12:50'),(2,'','1986-12-18','Hettingerfurt','Moldova',26,'2008-10-08 05:18:20','2015-11-23 00:09:01'),(3,'','1983-05-18','Ardenhaven','Romania',68,'1997-05-15 19:09:34','2018-04-16 22:57:18'),(4,'','2000-09-26','North Orrin','Taiwan',34,'1999-09-30 09:46:21','2020-01-01 14:41:05'),(5,'','2013-01-06','South Louvenia','Falkland Islands (Malvinas)',74,'2009-02-06 01:22:32','2009-06-13 20:44:13'),(6,'','1973-01-03','Huelstown','Luxembourg',29,'1988-12-02 18:00:25','1994-08-13 12:10:19'),(7,'','2001-10-29','Vernafort','Kazakhstan',34,'1990-04-20 22:26:13','1979-04-04 07:13:51'),(8,'','2018-10-07','Gorczanyborough','Gambia',53,'1970-01-20 10:12:57','1997-10-21 12:46:25'),(9,'','1985-08-18','West Odessa','Marshall Islands',54,'1986-12-23 04:56:38','1981-06-04 12:40:48'),(10,'','2019-05-19','Skilesshire','Canada',77,'1998-10-20 22:37:58','1981-10-25 07:54:55'),(11,'','1971-10-26','South Jay','Saint Martin',5,'2016-10-07 21:36:33','1974-06-08 20:08:06'),(12,'','2017-10-27','Hansenville','Angola',32,'2017-12-11 17:32:12','1981-01-20 13:24:36'),(13,'','1976-07-25','West Catharineberg','China',16,'1987-09-27 08:35:14','1972-11-10 04:37:49'),(14,'','1986-01-03','Jocelynton','Haiti',76,'1976-12-12 04:05:23','1982-01-04 15:43:21'),(15,'','2009-09-06','Aidanmouth','Netherlands',28,'2019-08-03 22:36:13','2002-04-12 08:43:34'),(16,'','1991-08-25','South Travisfurt','Singapore',22,'2018-08-04 19:06:52','1996-06-30 02:28:40'),(17,'','1996-05-11','Agustinville','Syrian Arab Republic',33,'2008-08-20 22:18:25','1982-10-12 22:57:10'),(18,'','1991-07-13','New Dedricktown','Botswana',51,'1971-10-18 14:23:15','1980-06-13 13:06:20'),(19,'','1990-05-09','Wintheisertown','Grenada',55,'1995-11-19 11:09:28','1984-11-10 16:29:03'),(20,'','1977-08-18','Johnschester','Guernsey',72,'2010-07-08 13:50:19','2016-05-27 04:31:45'),(21,'','1988-07-06','Weimannchester','Sierra Leone',61,'2014-11-20 03:00:28','1970-10-15 21:06:35'),(22,'','1981-01-08','Lake Cecilmouth','Hungary',82,'1987-07-21 23:01:55','1986-11-20 07:01:24'),(23,'','1993-01-22','Rolfsonside','Korea',12,'2015-08-01 03:38:13','2003-06-30 13:27:41'),(24,'','2016-04-20','Tomside','Botswana',49,'1987-08-28 10:12:23','2004-08-21 12:15:16'),(25,'','1990-03-15','Kshlerinfurt','Namibia',52,'2019-03-22 13:04:41','1993-01-27 02:58:02'),(26,'','2003-02-09','West Elmerhaven','Marshall Islands',28,'1989-12-12 16:33:28','1987-06-15 12:54:23'),(27,'','1984-06-13','New Lesly','Paraguay',81,'1990-02-27 21:16:48','1996-01-27 04:06:32'),(28,'','1970-01-23','Goodwinport','Singapore',53,'1971-04-23 10:07:37','1997-07-28 07:54:17'),(29,'','1976-07-19','New Ambrose','Portugal',67,'2015-12-20 23:12:05','1986-11-16 18:00:35'),(30,'','2007-06-22','Port Lexie','Heard Island and McDonald Islands',54,'1970-02-27 08:27:46','2009-01-07 18:31:48'),(31,'','1978-03-09','Brandiside','British Virgin Islands',4,'2019-12-20 13:36:50','2009-12-10 11:27:36'),(32,'','1994-03-14','Abshiremouth','Uruguay',71,'1992-05-29 01:42:31','1974-11-03 18:34:36'),(33,'','1990-09-17','Gregorioside','Slovenia',52,'2011-05-17 18:43:56','1976-04-29 05:15:34'),(34,'','1975-12-21','Ashatown','Sri Lanka',98,'2000-04-03 02:55:19','1979-10-20 19:40:57'),(35,'','1983-08-02','Eichmannfort','Canada',22,'1998-08-29 10:55:06','1993-08-09 09:40:31'),(36,'','2005-12-04','Thoramouth','Pakistan',16,'1979-11-05 16:44:41','1988-03-03 17:33:07'),(37,'','2002-10-29','Considinemouth','San Marino',17,'1989-04-08 13:45:38','1989-07-16 03:04:32'),(38,'','1993-09-02','Lake Hayleeburgh','Wallis and Futuna',75,'2002-11-14 15:48:29','1988-10-21 17:06:27'),(39,'','2009-12-11','Stevefurt','Svalbard & Jan Mayen Islands',90,'1980-04-28 20:41:54','2008-01-03 07:25:59'),(40,'','1980-08-14','South Cristobalton','Belarus',26,'2008-06-19 21:09:05','1977-12-30 08:03:55'),(41,'','1988-05-02','Lake Heavenberg','Armenia',69,'2017-02-12 22:21:21','2016-06-12 16:49:39'),(42,'','1996-08-24','Maudside','Niue',51,'1979-01-26 23:31:07','2000-04-24 00:04:16'),(43,'','1980-06-27','Labadieport','Monaco',51,'1983-08-04 05:18:45','1983-10-21 16:22:29'),(44,'','1996-12-02','North Enidstad','Reunion',32,'1999-04-18 15:45:27','1982-07-16 16:53:29'),(45,'','2007-03-23','Nedbury','Algeria',48,'2018-03-21 09:48:47','2004-10-30 21:39:16'),(46,'','1993-05-07','New Merl','Oman',59,'2019-09-27 20:21:20','1985-09-10 22:32:01'),(47,'','1989-07-08','New Maximeland','Grenada',65,'2019-08-05 19:46:34','1972-05-29 10:39:27'),(48,'','2009-10-01','Sistertown','Algeria',15,'2005-10-06 16:48:30','1995-07-29 03:09:50'),(49,'','1983-05-19','Stacyhaven','Malaysia',25,'1984-07-09 05:13:20','1975-01-27 18:30:23'),(50,'','2016-07-22','Kubside','Nauru',5,'2011-10-11 22:32:27','2001-11-18 14:22:23'),(51,'','1973-09-18','Lake Kamren','Moldova',99,'2012-10-03 15:54:54','1990-07-01 17:10:34'),(52,'','1975-06-06','Port Blanchetown','Finland',24,'1970-12-09 04:12:15','1976-06-12 22:42:05'),(53,'','2004-05-30','East Dawson','Hungary',28,'1998-04-18 04:02:34','1980-08-15 06:16:41'),(54,'','2015-02-01','West Dejonside','Cyprus',11,'2000-07-04 09:09:24','1971-05-04 15:25:36'),(55,'','1996-06-15','South Earlmouth','Israel',55,'1982-12-24 09:55:05','1997-10-17 07:39:47'),(56,'','1978-11-21','Estefaniaport','Tanzania',93,'1993-04-30 14:56:30','2005-06-12 23:48:00'),(57,'','1994-05-01','East Vicentaberg','Bosnia and Herzegovina',45,'1971-05-31 23:14:07','2010-08-11 02:23:09'),(58,'','1988-03-31','Erickafort','Czech Republic',45,'1975-08-11 06:26:47','2005-10-14 15:43:13'),(59,'','2005-02-09','Bettyville','Uganda',13,'2005-10-09 06:27:13','1972-03-27 07:45:10'),(60,'','2016-03-05','Port Callieberg','Trinidad and Tobago',9,'1997-03-19 17:57:30','2000-07-08 21:20:37'),(61,'','1970-11-30','Port Una','Sierra Leone',47,'2011-02-10 02:04:47','1999-06-07 12:18:36'),(62,'','1972-04-21','South Catharine','Romania',87,'1999-10-09 03:19:10','2001-11-27 09:45:24'),(63,'','1989-12-24','Lamontburgh','Croatia',89,'2010-01-03 02:02:21','1976-11-02 22:34:59'),(64,'','1990-05-15','New Brandy','Czech Republic',22,'2010-04-13 23:12:04','2014-06-26 09:58:33'),(65,'','1974-08-21','Rodriguezport','Burkina Faso',60,'1997-11-07 05:07:24','1971-12-24 15:55:21'),(66,'','1990-10-21','Labadiehaven','Tajikistan',6,'2020-02-18 22:24:15','2011-05-24 20:06:05'),(67,'','2019-12-23','Lake Jettberg','Tanzania',92,'1977-12-28 23:39:07','1973-06-16 08:35:36'),(68,'','1984-09-01','Ryanview','Wallis and Futuna',54,'1979-07-22 20:26:17','1983-03-15 06:02:08'),(69,'','1978-08-05','West Cordie','Germany',35,'2014-06-27 00:11:04','1994-09-10 03:05:05'),(70,'','1981-03-19','North Reina','France',54,'1994-03-03 03:10:22','2019-11-19 04:19:55'),(71,'','1989-06-23','Halvorsonton','Turks and Caicos Islands',93,'1981-12-23 06:22:27','1987-09-25 19:33:18'),(72,'','2002-06-26','Sengerton','Greenland',69,'1998-08-21 18:29:55','2002-06-26 20:44:10'),(73,'','1999-11-22','Carlitown','Sao Tome and Principe',81,'1999-12-11 18:32:40','1984-03-26 11:21:27'),(74,'','1971-10-27','Goldashire','Holy See (Vatican City State)',2,'1983-07-21 16:23:32','2012-07-03 16:13:38'),(75,'','1995-01-22','West Kelsie','New Caledonia',75,'1993-09-24 06:25:37','2017-01-31 20:47:31'),(76,'','1998-11-08','South Jerelland','Kuwait',56,'2003-01-29 15:28:25','1991-09-09 16:38:59'),(77,'','2015-07-05','West Minerva','Oman',79,'2016-05-16 23:19:27','1987-11-11 19:13:16'),(78,'','1977-12-22','West Elva','Qatar',32,'1993-07-21 12:08:17','2017-08-13 22:13:30'),(79,'','1984-10-27','West Cordelia','Lithuania',36,'2005-11-13 16:15:29','1979-12-01 19:35:02'),(80,'','2015-09-04','New Guadalupemouth','Nepal',55,'1971-02-21 16:54:16','1988-04-25 19:57:21'),(81,'','2012-05-13','Schimmelbury','Indonesia',26,'2005-02-20 16:37:17','1977-12-26 21:47:50'),(82,'','2003-05-14','Jeffryport','Guadeloupe',42,'1971-11-03 12:48:37','1970-05-07 10:41:23'),(83,'','2003-05-28','North Heloise','Niger',14,'1991-07-06 05:04:57','1998-11-16 07:24:54'),(84,'','2000-02-27','Aidanview','Zimbabwe',7,'1986-07-27 17:01:03','2019-10-23 21:47:48'),(85,'','1984-11-25','South Malinda','Israel',19,'1994-09-21 15:16:42','1994-11-18 00:24:44'),(86,'','2001-05-02','Abdielville','Slovenia',79,'1980-04-29 21:35:06','1983-05-20 13:38:57'),(87,'','2011-03-11','West Marvin','Comoros',74,'1981-08-23 09:10:51','2011-12-21 01:58:42'),(88,'','1988-07-13','Valentinview','Cape Verde',70,'2010-04-23 21:40:12','2012-07-14 06:55:02'),(89,'','2009-09-21','New Kennith','Macao',97,'1991-03-23 12:57:22','1983-03-24 09:33:46'),(90,'','1997-12-27','Lake Erickafort','Trinidad and Tobago',83,'2001-11-09 15:01:33','1978-07-05 05:22:27'),(91,'','1977-07-22','Isobelmouth','Tajikistan',54,'2018-03-29 23:32:43','2002-07-14 06:09:05'),(92,'','1989-08-24','Port Ruthfort','Indonesia',58,'1996-11-11 11:52:01','1979-10-31 13:08:51'),(93,'','1985-03-21','Lake Horacechester','Saint Vincent and the Grenadines',62,'1982-10-14 23:49:27','1982-02-20 10:26:16'),(94,'','2016-01-20','New Linwoodside','Liechtenstein',23,'2016-02-07 16:18:35','1985-05-22 14:11:34'),(95,'','1985-08-01','East Chris','Cook Islands',57,'1997-02-01 05:03:09','2013-06-27 13:37:47'),(96,'','1986-01-28','Klockoberg','Finland',41,'2013-12-21 22:27:23','1993-07-07 09:10:32'),(97,'','1998-07-25','Estrellastad','Sudan',25,'1970-09-30 00:55:31','2018-07-24 12:29:10'),(98,'','1997-12-05','Darbyview','Madagascar',28,'1970-10-31 05:43:23','2009-01-23 23:03:34'),(99,'','1990-04-07','Zettahaven','Holy See (Vatican City State)',88,'2011-03-06 02:29:26','1986-03-05 14:25:11'),(100,'','2013-10-02','New Alexandra','Chad',58,'2010-10-31 00:31:53','2010-02-23 21:49:03');
/*!40000 ALTER TABLE `profiles` ENABLE KEYS */;
UNLOCK TABLES;

--
-- Table structure for table `users`
--

DROP TABLE IF EXISTS `users`;
/*!40101 SET @saved_cs_client     = @@character_set_client */;
/*!50503 SET character_set_client = utf8mb4 */;
CREATE TABLE `users` (
  `id` int unsigned NOT NULL AUTO_INCREMENT,
  `first_name` varchar(100) CHARACTER SET utf8 COLLATE utf8_unicode_ci NOT NULL,
  `last_name` varchar(100) CHARACTER SET utf8 COLLATE utf8_unicode_ci NOT NULL,
  `email` varchar(120) CHARACTER SET utf8 COLLATE utf8_unicode_ci NOT NULL,
  `phone` varchar(120) CHARACTER SET utf8 COLLATE utf8_unicode_ci NOT NULL,
  `created_at` datetime DEFAULT CURRENT_TIMESTAMP,
  `updated_at` datetime DEFAULT CURRENT_TIMESTAMP ON UPDATE CURRENT_TIMESTAMP,
  PRIMARY KEY (`id`),
  UNIQUE KEY `email` (`email`),
  UNIQUE KEY `phone` (`phone`)
) ENGINE=InnoDB AUTO_INCREMENT=101 DEFAULT CHARSET=utf8 COLLATE=utf8_unicode_ci;
/*!40101 SET character_set_client = @saved_cs_client */;

--
-- Dumping data for table `users`
--

LOCK TABLES `users` WRITE;
/*!40000 ALTER TABLE `users` DISABLE KEYS */;
INSERT INTO `users` VALUES (1,'Quincy','Purdy','elbert93@example.net','(939)469-9293','2017-02-07 17:31:22','2013-12-10 02:17:48'),(2,'Emmy','Fay','nader.ladarius@example.net','05781758480','2017-10-14 17:56:51','2015-11-26 18:37:13'),(3,'Verona','Hegmann','mbailey@example.net','095-635-0190','2011-01-29 02:18:28','2011-11-14 07:09:34'),(4,'Nannie','Crona','hauck.pattie@example.org','567-153-4875x5622','2013-03-21 17:23:47','2012-02-02 08:27:18'),(5,'Nathanael','Cruickshank','qhuel@example.org','(927)119-7884x17982','2015-06-27 00:28:18','2018-05-07 05:21:48'),(6,'Shayne','Wehner','murray.nia@example.org','755.682.0460','2011-11-28 10:30:32','2015-12-15 19:08:50'),(7,'Paolo','Barton','effertz.emelie@example.net','(866)462-8040','2013-02-26 19:17:18','2010-03-30 09:39:05'),(8,'Lucie','Leuschke','toy.michale@example.net','931-696-2330','2016-12-20 05:51:43','2015-06-22 21:25:04'),(9,'Jennings','Konopelski','jake.schmitt@example.org','(708)552-6329x3385','2019-06-04 23:31:57','2019-11-10 15:50:24'),(10,'Efren','Bartoletti','effie.stokes@example.com','226-384-1723','2013-11-24 13:16:32','2012-05-13 11:18:06'),(11,'Kirsten','Cassin','rozella63@example.net','04822402728','2015-04-03 09:36:04','2011-04-25 12:49:06'),(12,'Naomie','Zboncak','louisa.stehr@example.com','1-729-535-7793','2016-09-15 01:13:55','2010-07-23 14:02:35'),(13,'Cary','Denesik','ophelia13@example.com','297.448.0735','2010-03-15 10:39:13','2016-03-11 02:03:51'),(14,'Joshua','Russel','harris.gay@example.com','(171)571-6342','2019-01-14 09:00:52','2016-08-24 14:58:59'),(15,'Nicola','Macejkovic','mateo19@example.org','739-434-9256','2019-07-03 03:35:34','2015-09-30 13:40:26'),(16,'Ellie','Schmidt','michale.paucek@example.net','(868)848-9117x475','2020-01-09 01:19:14','2011-01-23 19:04:26'),(17,'Michale','Auer','roberto.hamill@example.org','00305819146','2016-12-23 21:34:02','2017-05-15 15:13:00'),(18,'Jules','Hackett','gaetano.mills@example.org','284.928.0890x176','2014-11-02 21:48:00','2015-03-23 00:26:33'),(19,'Flavio','Beatty','shaniya73@example.org','(804)955-5931x045','2016-11-25 16:44:06','2014-01-04 02:05:56'),(20,'Linda','Larkin','padberg.wilfrid@example.com','629.943.8936','2011-05-20 08:18:15','2020-02-17 13:44:49'),(21,'Vito','McGlynn','marilou.heller@example.org','07299647152','2017-03-21 01:06:38','2014-12-29 00:13:18'),(22,'June','Rice','moen.marquis@example.com','(161)990-0501x945','2013-08-18 20:41:30','2018-01-29 12:36:46'),(23,'Karl','Upton','tmccullough@example.com','(767)376-6490x14630','2019-03-18 08:08:02','2019-11-08 10:25:28'),(24,'Maurine','Crona','qmurphy@example.net','511.230.0823x1449','2015-07-10 15:21:23','2018-01-04 11:17:13'),(25,'Deshawn','O\'Kon','rowena53@example.org','805.855.3916x5382','2011-09-07 19:50:42','2011-10-06 02:49:03'),(26,'Trisha','Friesen','marcelino79@example.net','03201367456','2015-12-11 14:25:03','2012-05-18 08:44:18'),(27,'Donald','Veum','beth.romaguera@example.net','1-269-667-0487x394','2013-10-30 22:14:27','2011-07-27 02:40:50'),(28,'Alvena','Rolfson','gusikowski.camryn@example.net','223.592.9873x01595','2016-04-23 00:32:59','2013-09-11 02:55:18'),(29,'Norberto','Leuschke','mose78@example.org','210-863-7715x3077','2010-05-13 10:54:07','2013-11-07 16:12:36'),(30,'Marlene','Hamill','ransom45@example.com','831-484-3990','2016-03-25 08:12:23','2010-08-04 21:57:05'),(31,'Terrance','Bode','rodriguez.jordi@example.net','752-204-4944','2016-07-08 05:35:08','2012-11-22 17:50:08'),(32,'Austen','Sporer','fadel.nola@example.com','1-973-397-2281x76789','2015-03-22 06:37:09','2011-10-02 23:02:03'),(33,'Reta','Schiller','rippin.gardner@example.com','508-692-2781','2010-03-28 00:05:30','2014-09-03 07:36:49'),(34,'Jude','DuBuque','tlittle@example.net','1-470-734-0219x576','2010-08-24 04:11:05','2018-08-24 20:53:43'),(35,'Zoie','Jones','qmarquardt@example.com','(309)130-6212x0121','2013-08-04 12:54:55','2018-12-24 15:52:00'),(36,'Brandyn','Erdman','wkunze@example.net','244.132.8037','2011-04-20 03:29:46','2010-12-24 09:29:56'),(37,'Arlene','Ruecker','braeden.ullrich@example.com','1-477-130-1115x949','2019-06-15 08:17:40','2016-02-03 03:00:05'),(38,'Newell','Lowe','ashleigh39@example.net','07327910527','2010-10-01 04:10:59','2013-07-26 15:31:49'),(39,'Cornelius','Reichel','dfranecki@example.net','1-425-038-1165','2014-09-08 22:23:28','2014-04-07 14:35:52'),(40,'Dell','Shields','cshanahan@example.org','(830)149-7031x636','2010-05-03 16:57:27','2011-04-04 19:23:17'),(41,'Alexane','Cronin','kris.leola@example.org','928.125.8558x48928','2010-03-27 09:32:16','2013-04-13 23:57:58'),(42,'Edyth','Grady','kylee.gibson@example.net','1-511-854-0118x146','2013-02-20 04:37:30','2015-07-12 16:26:21'),(43,'Lisandro','Heidenreich','lakin.lynn@example.org','(260)394-2762x74900','2015-03-24 19:42:28','2018-03-05 06:08:04'),(44,'Vesta','Morissette','clark46@example.net','1-260-447-9681','2020-02-22 15:02:44','2014-07-09 01:53:22'),(45,'Kevin','Murphy','nitzsche.florida@example.org','507.822.7457','2017-01-11 13:58:44','2015-06-28 23:39:18'),(46,'Edmond','Lemke','bechtelar.reba@example.com','02475201649','2019-02-03 15:50:21','2013-05-12 07:21:36'),(47,'Peter','Kohler','cordia.sauer@example.com','(360)226-1727x0926','2011-05-04 17:08:01','2012-07-22 10:02:29'),(48,'Zena','Braun','crooks.grady@example.org','279.096.8264','2017-08-21 00:10:38','2013-06-30 13:44:46'),(49,'Jeff','Padberg','xgottlieb@example.org','292.181.3259x10565','2019-11-27 07:44:50','2018-12-16 15:37:42'),(50,'Elmira','Wisoky','julie56@example.net','186-636-1373x889','2018-04-20 13:57:01','2014-12-08 11:48:19'),(51,'Sandy','Mraz','felix.haley@example.com','+95(0)4980996740','2018-04-07 03:18:33','2010-12-23 09:31:23'),(52,'Hazle','McKenzie','umccullough@example.net','390-263-1016x25256','2019-09-24 16:50:13','2016-06-19 05:54:33'),(53,'Finn','Kiehn','jerad57@example.com','309.359.7343','2017-10-15 18:55:20','2018-10-07 06:33:11'),(54,'Marcos','Windler','umonahan@example.org','(377)861-0946','2014-09-08 19:36:59','2017-09-21 17:35:33'),(55,'Billie','Vandervort','zulauf.clement@example.net','+52(7)6183244923','2014-09-09 11:52:51','2019-08-26 05:50:22'),(56,'Cornell','Schumm','mozell.kreiger@example.net','1-556-531-3278x300','2014-01-29 17:51:18','2013-07-27 04:01:11'),(57,'Marjolaine','Kuhn','lisandro.o\'connell@example.com','+51(8)0125836441','2013-11-12 04:25:27','2017-08-17 22:25:44'),(58,'Bette','Mosciski','mcglynn.tomasa@example.net','(685)033-6470x260','2018-11-18 23:59:42','2011-04-30 17:57:59'),(59,'Murphy','Wisozk','schmidt.alec@example.org','593-961-5162x9326','2015-11-05 02:58:24','2012-07-28 22:53:19'),(60,'Margarete','Murray','abbigail77@example.com','922-755-0182x0724','2019-03-22 13:44:29','2012-06-22 21:17:35'),(61,'Dagmar','Bergnaum','brandyn93@example.com','(767)301-6111x6205','2012-02-02 08:35:53','2016-11-02 01:10:49'),(62,'Lonzo','Rice','bglover@example.org','1-441-648-3368x947','2016-03-19 03:36:16','2010-11-17 17:11:55'),(63,'Birdie','Howe','bosco.king@example.net','457.030.6799x4098','2014-05-08 10:48:40','2012-10-22 10:37:08'),(64,'Darian','Ziemann','ronny07@example.com','881.963.0650','2010-09-06 15:30:45','2016-01-29 02:47:26'),(65,'Patrick','Effertz','kristian.kunze@example.net','539.017.5598x691','2011-11-22 20:30:20','2015-02-05 08:03:16'),(66,'Ambrose','O\'Reilly','hagenes.einar@example.org','09273947378','2016-05-09 16:40:01','2014-12-15 10:32:03'),(67,'Faustino','Murphy','ihalvorson@example.net','081.209.0005','2010-11-21 11:20:46','2015-10-30 10:09:20'),(68,'Hortense','Sawayn','kiarra36@example.net','+01(3)3724794104','2015-11-10 16:55:52','2016-11-14 11:42:43'),(69,'Kale','Bogisich','mosciski.moses@example.org','510-049-6909x51366','2015-06-19 02:29:33','2018-07-20 18:49:35'),(70,'Stacy','Rowe','jessyca11@example.org','1-543-740-0851','2014-02-10 08:11:19','2017-04-17 16:29:34'),(71,'Chaya','Volkman','marta.daniel@example.org','252-706-4851','2012-03-06 14:27:25','2012-08-07 18:34:34'),(72,'Eliseo','Schmeler','johnathon.reinger@example.com','00540131754','2012-07-28 17:59:33','2016-02-02 21:36:14'),(73,'Fay','Metz','yshanahan@example.org','(067)376-5213','2013-08-29 23:22:14','2011-06-17 08:44:51'),(74,'Corrine','Friesen','allan84@example.com','276.095.8068x3360','2010-05-24 04:07:34','2016-01-12 22:53:45'),(75,'Lamar','Prohaska','strosin.jarod@example.net','1-663-624-4115x7130','2017-05-17 02:16:05','2014-02-21 13:38:03'),(76,'Alanis','Volkman','josianne53@example.net','03068343876','2014-02-27 04:10:11','2018-11-16 18:17:32'),(77,'Astrid','Brakus','bella.franecki@example.com','152.207.7116','2018-10-23 13:24:31','2018-08-06 04:09:12'),(78,'Esther','Wiegand','zachary.schuster@example.org','990.508.1300','2014-02-25 03:31:37','2018-06-07 18:06:13'),(79,'Cordie','Keeling','afahey@example.net','1-866-214-0510','2017-02-13 05:59:26','2014-10-21 02:36:19'),(80,'Albert','Watsica','mbergstrom@example.net','362-105-9670x0941','2017-07-28 23:33:04','2015-06-07 06:15:00'),(81,'Maude','Ankunding','yschiller@example.org','+64(7)9396905000','2014-02-12 18:14:11','2019-12-12 00:07:29'),(82,'Rebeca','Streich','deron03@example.com','(633)530-8713','2017-06-23 13:01:23','2020-01-06 14:05:15'),(83,'Edward','Russel','kyra.goodwin@example.org','(612)579-5558','2016-12-28 15:17:23','2013-03-01 10:30:41'),(84,'Grace','Crist','hermann.brooks@example.com','00355869643','2012-09-08 03:05:46','2019-05-30 10:38:03'),(85,'Eve','Pagac','ttremblay@example.org','638.975.7258x0929','2012-07-08 23:02:20','2016-01-08 10:24:04'),(86,'Aurelio','Langworth','ewilderman@example.com','(499)376-5538','2016-12-28 08:20:28','2019-08-30 23:45:18'),(87,'Chelsie','Kihn','winona.bayer@example.com','254-158-2094x64033','2013-02-12 20:01:57','2015-06-04 07:09:17'),(88,'Zetta','Becker','aschuster@example.net','1-987-485-4940','2015-12-22 11:42:44','2019-03-09 08:18:41'),(89,'Roma','Harvey','marlen.goldner@example.net','764-049-5414x397','2020-02-18 16:06:42','2016-02-03 06:11:14'),(90,'Gabrielle','Weissnat','yazmin43@example.com','+77(2)5977857194','2019-08-05 05:04:50','2015-05-15 13:05:12'),(91,'Flavie','Hackett','dandre.lubowitz@example.net','294.252.5633','2018-07-29 11:00:20','2017-04-11 09:55:36'),(92,'Pansy','Roob','laverne98@example.com','184.940.9729x1890','2018-03-22 19:31:28','2016-07-14 19:58:40'),(93,'Birdie','Spinka','etrantow@example.org','1-678-225-4313x039','2010-03-23 16:31:22','2018-04-17 03:02:10'),(94,'Myrtis','Rutherford','morgan97@example.com','(831)634-4665','2012-04-30 20:34:14','2017-05-03 14:40:36'),(95,'Nathaniel','Bahringer','homenick.helmer@example.net','09432764626','2019-10-06 04:52:23','2010-12-11 06:14:42'),(96,'Colin','Trantow','pablo.predovic@example.com','08785149006','2018-02-14 15:37:10','2015-05-27 02:33:22'),(97,'Misael','Ortiz','merle22@example.net','(820)337-2709','2015-04-12 20:38:51','2019-07-20 23:07:22'),(98,'Bettye','Wiegand','frederick.cole@example.net','614.041.7363x15525','2019-02-02 16:15:37','2018-10-10 22:02:09'),(99,'Kale','Roberts','boris.oberbrunner@example.com','021-347-2885x1657','2013-08-11 10:35:30','2015-03-01 13:12:35'),(100,'Domenick','Jacobson','elaina85@example.org','(021)025-7243','2014-07-02 02:48:37','2010-11-18 22:29:07');
/*!40000 ALTER TABLE `users` ENABLE KEYS */;
UNLOCK TABLES;
/*!40103 SET TIME_ZONE=@OLD_TIME_ZONE */;

/*!40101 SET SQL_MODE=@OLD_SQL_MODE */;
/*!40014 SET FOREIGN_KEY_CHECKS=@OLD_FOREIGN_KEY_CHECKS */;
/*!40014 SET UNIQUE_CHECKS=@OLD_UNIQUE_CHECKS */;
/*!40101 SET CHARACTER_SET_CLIENT=@OLD_CHARACTER_SET_CLIENT */;
/*!40101 SET CHARACTER_SET_RESULTS=@OLD_CHARACTER_SET_RESULTS */;
/*!40101 SET COLLATION_CONNECTION=@OLD_COLLATION_CONNECTION */;
/*!40111 SET SQL_NOTES=@OLD_SQL_NOTES */;

-- Dump completed on 2020-02-22 20:26:00
